Latitude,Longitude,City Name,Country,Temperature,Wind Speed,Humidity,Cloudiness,URL
-0.871,-44.0942,cururupu,br,80.77,9.86,100,overcast clouds,http://api.openweathermap.org/data/2.5/weather?appid=ce062735e8cfa1f84a544a629087cf4f&units=imperial&lat=-0.871&lon=-44.0942
2.6977,130.2371,ternate,id,83.47,15.01,100,clear sky,http://api.openweathermap.org/data/2.5/weather?appid=ce062735e8cfa1f84a544a629087cf4f&units=imperial&lat=2.6977&lon=130.2371
-69.4251,83.5599,busselton,au,-10.04,17.47,66,few clouds,http://api.openweathermap.org/data/2.5/weather?appid=ce062735e8cfa1f84a544a629087cf4f&units=imperial&lat=-69.4251&lon=83.5599
-25.943,-39.6222,arraial do cabo,br,79.96,21.27,99,broken clouds,http://api.openweathermap.org/data/2.5/weather?appid=ce062735e8cfa1f84a544a629087cf4f&units=imperial&lat=-25.943&lon=-39.6222
45.0048,126.4289,yushu,cn,53.23,14.45,61,light rain,http://api.openweathermap.org/data/2.5/weather?appid=ce062735e8cfa1f84a544a629087cf4f&units=imperial&lat=45.0048&lon=126.4289
-4.0373,-149.1298,atuona,pf,80.59,11.77,100,overcast clouds,http://api.openweathermap.org/data/2.5/weather?appid=ce062735e8cfa1f84a544a629087cf4f&units=imperial&lat=-4.0373&lon=-149.1298
-66.9936,-135.9013,rikitea,pf,28.3,15.35,100,broken clouds,http://api.openweathermap.org/data/2.5/weather?appid=ce062735e8cfa1f84a544a629087cf4f&units=imperial&lat=-66.9936&lon=-135.9013
-12.1886,-109.1262,puerto ayora,ec,76.45,14.79,100,overcast clouds,http://api.openweathermap.org/data/2.5/weather?appid=ce062735e8cfa1f84a544a629087cf4f&units=imperial&lat=-12.1886&lon=-109.1262
-68.4353,-61.9928,ushuaia,ar,14.08,0.36,84,broken clouds,http://api.openweathermap.org/data/2.5/weather?appid=ce062735e8cfa1f84a544a629087cf4f&units=imperial&lat=-68.4353&lon=-61.9928
41.9344,-97.2511,norfolk,us,22.57,10.29,100,clear sky,http://api.openweathermap.org/data/2.5/weather?appid=ce062735e8cfa1f84a544a629087cf4f&units=imperial&lat=41.9344&lon=-97.2511
88.0411,53.3805,belushya guba,ru,-3.74,4.38,78,broken clouds,http://api.openweathermap.org/data/2.5/weather?appid=ce062735e8cfa1f84a544a629087cf4f&units=imperial&lat=88.0411&lon=53.3805
-22.3356,-76.1124,antofagasta,cl,67.81,14.12,100,overcast clouds,http://api.openweathermap.org/data/2.5/weather?appid=ce062735e8cfa1f84a544a629087cf4f&units=imperial&lat=-22.3356&lon=-76.1124
72.2346,-56.6218,upernavik,gl,17.14,10.65,80,few clouds,http://api.openweathermap.org/data/2.5/weather?appid=ce062735e8cfa1f84a544a629087cf4f&units=imperial&lat=72.2346&lon=-56.6218
4.7515,-108.9021,lazaro cardenas,mx,81.22,8.19,100,broken clouds,http://api.openweathermap.org/data/2.5/weather?appid=ce062735e8cfa1f84a544a629087cf4f&units=imperial&lat=4.7515&lon=-108.9021
-41.4496,-6.1601,jamestown,sh,56.74,22.84,98,light rain,http://api.openweathermap.org/data/2.5/weather?appid=ce062735e8cfa1f84a544a629087cf4f&units=imperial&lat=-41.4496&lon=-6.1601
-55.0178,29.8506,port elizabeth,za,36.94,23.62,94,overcast clouds,http://api.openweathermap.org/data/2.5/weather?appid=ce062735e8cfa1f84a544a629087cf4f&units=imperial&lat=-55.0178&lon=29.8506
67.5648,73.1663,staryy nadym,ru,-3.2,21.83,88,broken clouds,http://api.openweathermap.org/data/2.5/weather?appid=ce062735e8cfa1f84a544a629087cf4f&units=imperial&lat=67.5648&lon=73.1663
-19.548,107.1372,carnarvon,au,79.06,15.46,100,clear sky,http://api.openweathermap.org/data/2.5/weather?appid=ce062735e8cfa1f84a544a629087cf4f&units=imperial&lat=-19.548&lon=107.1372
-83.8675,-107.2367,punta arenas,cl,-14.81,17.25,70,broken clouds,http://api.openweathermap.org/data/2.5/weather?appid=ce062735e8cfa1f84a544a629087cf4f&units=imperial&lat=-83.8675&lon=-107.2367
69.4961,60.097,amderma,ru,1.57,7.52,91,scattered clouds,http://api.openweathermap.org/data/2.5/weather?appid=ce062735e8cfa1f84a544a629087cf4f&units=imperial&lat=69.4961&lon=60.097
-88.8606,95.191,albany,au,-73.49,3.71,0,few clouds,http://api.openweathermap.org/data/2.5/weather?appid=ce062735e8cfa1f84a544a629087cf4f&units=imperial&lat=-88.8606&lon=95.191
0.9007,-157.941,faanui,pf,79.96,14.23,99,overcast clouds,http://api.openweathermap.org/data/2.5/weather?appid=ce062735e8cfa1f84a544a629087cf4f&units=imperial&lat=0.9007&lon=-157.941
89.6652,-151.6663,barrow,us,-5.81,12.44,72,scattered clouds,http://api.openweathermap.org/data/2.5/weather?appid=ce062735e8cfa1f84a544a629087cf4f&units=imperial&lat=89.6652&lon=-151.6663
45.4675,104.6747,mandalgovi,mn,27.94,15.79,71,overcast clouds,http://api.openweathermap.org/data/2.5/weather?appid=ce062735e8cfa1f84a544a629087cf4f&units=imperial&lat=45.4675&lon=104.6747
14.2831,-114.8721,cabo san lucas,mx,78.61,9.75,100,clear sky,http://api.openweathermap.org/data/2.5/weather?appid=ce062735e8cfa1f84a544a629087cf4f&units=imperial&lat=14.2831&lon=-114.8721
41.5551,-91.9314,coralville,us,20.07,4.7,92,clear sky,http://api.openweathermap.org/data/2.5/weather?appid=ce062735e8cfa1f84a544a629087cf4f&units=imperial&lat=41.5551&lon=-91.9314
5.2777,174.4693,butaritari,ki,83.29,8.63,100,overcast clouds,http://api.openweathermap.org/data/2.5/weather?appid=ce062735e8cfa1f84a544a629087cf4f&units=imperial&lat=5.2777&lon=174.4693
48.377,-145.0233,kodiak,us,42.34,20.04,100,few clouds,http://api.openweathermap.org/data/2.5/weather?appid=ce062735e8cfa1f84a544a629087cf4f&units=imperial&lat=48.377&lon=-145.0233
-41.416,39.5071,margate,za,54.58,11.77,100,broken clouds,http://api.openweathermap.org/data/2.5/weather?appid=ce062735e8cfa1f84a544a629087cf4f&units=imperial&lat=-41.416&lon=39.5071
-28.9333,14.0023,oranjemund,na,66.37,18.81,100,clear sky,http://api.openweathermap.org/data/2.5/weather?appid=ce062735e8cfa1f84a544a629087cf4f&units=imperial&lat=-28.9333&lon=14.0023
-49.2204,30.8892,port alfred,za,44.23,21.27,88,light rain,http://api.openweathermap.org/data/2.5/weather?appid=ce062735e8cfa1f84a544a629087cf4f&units=imperial&lat=-49.2204&lon=30.8892
-38.4908,-1.8956,saldanha,za,61.69,6.96,100,clear sky,http://api.openweathermap.org/data/2.5/weather?appid=ce062735e8cfa1f84a544a629087cf4f&units=imperial&lat=-38.4908&lon=-1.8956
72.5908,-49.9659,ilulissat,gl,4.27,15.01,82,broken clouds,http://api.openweathermap.org/data/2.5/weather?appid=ce062735e8cfa1f84a544a629087cf4f&units=imperial&lat=72.5908&lon=-49.9659
-44.4393,-74.6853,castro,cl,52.69,5.39,100,light rain,http://api.openweathermap.org/data/2.5/weather?appid=ce062735e8cfa1f84a544a629087cf4f&units=imperial&lat=-44.4393&lon=-74.6853
64.8134,-110.1752,yellowknife,ca,-15.89,1.92,45,few clouds,http://api.openweathermap.org/data/2.5/weather?appid=ce062735e8cfa1f84a544a629087cf4f&units=imperial&lat=64.8134&lon=-110.1752
21.0016,-9.2123,atar,mr,59.62,2.71,57,scattered clouds,http://api.openweathermap.org/data/2.5/weather?appid=ce062735e8cfa1f84a544a629087cf4f&units=imperial&lat=21.0016&lon=-9.2123
-19.9476,74.4351,grand river south east,mu,78.43,16.8,100,broken clouds,http://api.openweathermap.org/data/2.5/weather?appid=ce062735e8cfa1f84a544a629087cf4f&units=imperial&lat=-19.9476&lon=74.4351
-79.7605,57.7469,east london,za,-53.6,13.67,0,scattered clouds,http://api.openweathermap.org/data/2.5/weather?appid=ce062735e8cfa1f84a544a629087cf4f&units=imperial&lat=-79.7605&lon=57.7469
52.1161,-82.8924,attawapiskat,ca,-2.3,4.72,72,broken clouds,http://api.openweathermap.org/data/2.5/weather?appid=ce062735e8cfa1f84a544a629087cf4f&units=imperial&lat=52.1161&lon=-82.8924
14.3952,7.2416,dakoro,ne,65.83,6.85,27,clear sky,http://api.openweathermap.org/data/2.5/weather?appid=ce062735e8cfa1f84a544a629087cf4f&units=imperial&lat=14.3952&lon=7.2416
-88.5443,133.531,hobart,au,-64.76,2.59,0,scattered clouds,http://api.openweathermap.org/data/2.5/weather?appid=ce062735e8cfa1f84a544a629087cf4f&units=imperial&lat=-88.5443&lon=133.531
82.5776,75.5515,dikson,ru,-10.49,6.06,73,few clouds,http://api.openweathermap.org/data/2.5/weather?appid=ce062735e8cfa1f84a544a629087cf4f&units=imperial&lat=82.5776&lon=75.5515
42.8007,31.4281,zonguldak,tr,49.27,21.72,94,light rain,http://api.openweathermap.org/data/2.5/weather?appid=ce062735e8cfa1f84a544a629087cf4f&units=imperial&lat=42.8007&lon=31.4281
-5.6122,70.1023,hithadhoo,mv,82.84,8.19,100,broken clouds,http://api.openweathermap.org/data/2.5/weather?appid=ce062735e8cfa1f84a544a629087cf4f&units=imperial&lat=-5.6122&lon=70.1023
52.4204,114.2257,makkaveyevo,ru,24.61,14.67,33,scattered clouds,http://api.openweathermap.org/data/2.5/weather?appid=ce062735e8cfa1f84a544a629087cf4f&units=imperial&lat=52.4204&lon=114.2257
47.3974,-48.5607,torbay,ca,34.51,20.83,88,scattered clouds,http://api.openweathermap.org/data/2.5/weather?appid=ce062735e8cfa1f84a544a629087cf4f&units=imperial&lat=47.3974&lon=-48.5607
21.9734,-171.7975,kapaa,us,72.94,2.82,100,overcast clouds,http://api.openweathermap.org/data/2.5/weather?appid=ce062735e8cfa1f84a544a629087cf4f&units=imperial&lat=21.9734&lon=-171.7975
36.5388,-54.7639,saint-pierre,pm,63.85,3.6,100,light rain,http://api.openweathermap.org/data/2.5/weather?appid=ce062735e8cfa1f84a544a629087cf4f&units=imperial&lat=36.5388&lon=-54.7639
-38.8089,130.8917,port lincoln,au,61.06,19.15,97,clear sky,http://api.openweathermap.org/data/2.5/weather?appid=ce062735e8cfa1f84a544a629087cf4f&units=imperial&lat=-38.8089&lon=130.8917
-51.6,-142.06,mataura,pf,48.19,12.88,100,clear sky,http://api.openweathermap.org/data/2.5/weather?appid=ce062735e8cfa1f84a544a629087cf4f&units=imperial&lat=-51.6&lon=-142.06
35.6042,21.688,methoni,gr,60.16,17.69,100,clear sky,http://api.openweathermap.org/data/2.5/weather?appid=ce062735e8cfa1f84a544a629087cf4f&units=imperial&lat=35.6042&lon=21.688
46.0364,133.5624,lazo,ru,58.27,13.89,57,scattered clouds,http://api.openweathermap.org/data/2.5/weather?appid=ce062735e8cfa1f84a544a629087cf4f&units=imperial&lat=46.0364&lon=133.5624
6.9619,-71.1578,arauca,co,71.86,2.15,97,overcast clouds,http://api.openweathermap.org/data/2.5/weather?appid=ce062735e8cfa1f84a544a629087cf4f&units=imperial&lat=6.9619&lon=-71.1578
-41.5561,-60.2063,viedma,ar,61.33,17.47,100,clear sky,http://api.openweathermap.org/data/2.5/weather?appid=ce062735e8cfa1f84a544a629087cf4f&units=imperial&lat=-41.5561&lon=-60.2063
64.1814,-142.2116,fairbanks,us,15.34,6.51,64,broken clouds,http://api.openweathermap.org/data/2.5/weather?appid=ce062735e8cfa1f84a544a629087cf4f&units=imperial&lat=64.1814&lon=-142.2116
35.4402,169.6669,nikolskoye,ru,55.75,19.04,100,scattered clouds,http://api.openweathermap.org/data/2.5/weather?appid=ce062735e8cfa1f84a544a629087cf4f&units=imperial&lat=35.4402&lon=169.6669
86.815,-134.7748,tuktoyaktuk,ca,-7.97,11.32,81,scattered clouds,http://api.openweathermap.org/data/2.5/weather?appid=ce062735e8cfa1f84a544a629087cf4f&units=imperial&lat=86.815&lon=-134.7748
69.7668,164.0399,bilibino,ru,26.32,5.61,88,clear sky,http://api.openweathermap.org/data/2.5/weather?appid=ce062735e8cfa1f84a544a629087cf4f&units=imperial&lat=69.7668&lon=164.0399
-36.2688,163.0302,westport,nz,71.68,15.35,100,scattered clouds,http://api.openweathermap.org/data/2.5/weather?appid=ce062735e8cfa1f84a544a629087cf4f&units=imperial&lat=-36.2688&lon=163.0302
56.6926,-106.0258,la ronge,ca,-25.61,2.48,74,clear sky,http://api.openweathermap.org/data/2.5/weather?appid=ce062735e8cfa1f84a544a629087cf4f&units=imperial&lat=56.6926&lon=-106.0258
69.0692,174.2114,komsomolskiy,ru,31.18,10.54,87,clear sky,http://api.openweathermap.org/data/2.5/weather?appid=ce062735e8cfa1f84a544a629087cf4f&units=imperial&lat=69.0692&lon=174.2114
-0.3218,-117.0437,san patricio,mx,78.07,6.4,100,few clouds,http://api.openweathermap.org/data/2.5/weather?appid=ce062735e8cfa1f84a544a629087cf4f&units=imperial&lat=-0.3218&lon=-117.0437
48.7666,46.7334,verkhniy baskunchak,ru,41.26,16.91,80,clear sky,http://api.openweathermap.org/data/2.5/weather?appid=ce062735e8cfa1f84a544a629087cf4f&units=imperial&lat=48.7666&lon=46.7334
-20.9307,52.2806,saint-paul,re,78.61,8.63,100,light rain,http://api.openweathermap.org/data/2.5/weather?appid=ce062735e8cfa1f84a544a629087cf4f&units=imperial&lat=-20.9307&lon=52.2806
4.8051,-50.7559,saint-georges,gf,77.44,10.76,100,light rain,http://api.openweathermap.org/data/2.5/weather?appid=ce062735e8cfa1f84a544a629087cf4f&units=imperial&lat=4.8051&lon=-50.7559
5.6088,134.4904,kloulklubed,pw,83.38,19.82,100,broken clouds,http://api.openweathermap.org/data/2.5/weather?appid=ce062735e8cfa1f84a544a629087cf4f&units=imperial&lat=5.6088&lon=134.4904
14.9132,156.5355,kavieng,pg,81.58,15.79,96,few clouds,http://api.openweathermap.org/data/2.5/weather?appid=ce062735e8cfa1f84a544a629087cf4f&units=imperial&lat=14.9132&lon=156.5355
26.9986,91.3354,pemagatsel,bt,76.81,2.04,43,clear sky,http://api.openweathermap.org/data/2.5/weather?appid=ce062735e8cfa1f84a544a629087cf4f&units=imperial&lat=26.9986&lon=91.3354
-10.6649,132.277,nguiu,au,88.06,5.5,97,clear sky,http://api.openweathermap.org/data/2.5/weather?appid=ce062735e8cfa1f84a544a629087cf4f&units=imperial&lat=-10.6649&lon=132.277
49.8518,102.6674,kholtoson,ru,23.71,8.97,33,clear sky,http://api.openweathermap.org/data/2.5/weather?appid=ce062735e8cfa1f84a544a629087cf4f&units=imperial&lat=49.8518&lon=102.6674
-6.8598,-78.8062,bambamarca,pe,50.35,1.92,98,light rain,http://api.openweathermap.org/data/2.5/weather?appid=ce062735e8cfa1f84a544a629087cf4f&units=imperial&lat=-6.8598&lon=-78.8062
-23.7344,142.9535,mount isa,au,92.56,15.68,36,few clouds,http://api.openweathermap.org/data/2.5/weather?appid=ce062735e8cfa1f84a544a629087cf4f&units=imperial&lat=-23.7344&lon=142.9535
-22.2266,87.1971,bengkulu,id,74.02,8.75,100,broken clouds,http://api.openweathermap.org/data/2.5/weather?appid=ce062735e8cfa1f84a544a629087cf4f&units=imperial&lat=-22.2266&lon=87.1971
45.1277,-177.0513,provideniya,ru,42.43,17.25,98,broken clouds,http://api.openweathermap.org/data/2.5/weather?appid=ce062735e8cfa1f84a544a629087cf4f&units=imperial&lat=45.1277&lon=-177.0513
-7.3923,-170.5894,saleaula,ws,83.56,11.32,100,overcast clouds,http://api.openweathermap.org/data/2.5/weather?appid=ce062735e8cfa1f84a544a629087cf4f&units=imperial&lat=-7.3923&lon=-170.5894
73.0771,-29.8194,illoqqortoormiut,gl,-16.43,17.69,55,few clouds,http://api.openweathermap.org/data/2.5/weather?appid=ce062735e8cfa1f84a544a629087cf4f&units=imperial&lat=73.0771&lon=-29.8194
-64.6814,70.7618,saint-philippe,re,25.33,10.2,100,scattered clouds,http://api.openweathermap.org/data/2.5/weather?appid=ce062735e8cfa1f84a544a629087cf4f&units=imperial&lat=-64.6814&lon=70.7618
5.0319,21.6677,alindao,cf,71.41,11.65,88,clear sky,http://api.openweathermap.org/data/2.5/weather?appid=ce062735e8cfa1f84a544a629087cf4f&units=imperial&lat=5.0319&lon=21.6677
68.4145,-89.0177,thompson,ca,7.15,3.27,85,broken clouds,http://api.openweathermap.org/data/2.5/weather?appid=ce062735e8cfa1f84a544a629087cf4f&units=imperial&lat=68.4145&lon=-89.0177
35.1514,79.1997,leh,in,9.94,3.15,96,few clouds,http://api.openweathermap.org/data/2.5/weather?appid=ce062735e8cfa1f84a544a629087cf4f&units=imperial&lat=35.1514&lon=79.1997
24.015,78.8574,karrapur,in,93.37,5.17,33,clear sky,http://api.openweathermap.org/data/2.5/weather?appid=ce062735e8cfa1f84a544a629087cf4f&units=imperial&lat=24.015&lon=78.8574
27.2043,-114.7974,guerrero negro,mx,60.52,14,100,clear sky,http://api.openweathermap.org/data/2.5/weather?appid=ce062735e8cfa1f84a544a629087cf4f&units=imperial&lat=27.2043&lon=-114.7974
42.4084,142.8889,shizunai,jp,42.8,11.41,70,few clouds,http://api.openweathermap.org/data/2.5/weather?appid=ce062735e8cfa1f84a544a629087cf4f&units=imperial&lat=42.4084&lon=142.8889
9.303,-21.4269,oussouye,sn,74.11,13.22,100,clear sky,http://api.openweathermap.org/data/2.5/weather?appid=ce062735e8cfa1f84a544a629087cf4f&units=imperial&lat=9.303&lon=-21.4269
51.806,48.1257,balakovo,ru,30.01,10.87,96,scattered clouds,http://api.openweathermap.org/data/2.5/weather?appid=ce062735e8cfa1f84a544a629087cf4f&units=imperial&lat=51.806&lon=48.1257
-5.1469,5.992,gamba,ga,80.77,7.96,100,few clouds,http://api.openweathermap.org/data/2.5/weather?appid=ce062735e8cfa1f84a544a629087cf4f&units=imperial&lat=-5.1469&lon=5.992
35.9833,33.5349,silifke,tr,62.86,8.97,99,clear sky,http://api.openweathermap.org/data/2.5/weather?appid=ce062735e8cfa1f84a544a629087cf4f&units=imperial&lat=35.9833&lon=33.5349
84.0765,146.742,chokurdakh,ru,0.04,5.73,77,broken clouds,http://api.openweathermap.org/data/2.5/weather?appid=ce062735e8cfa1f84a544a629087cf4f&units=imperial&lat=84.0765&lon=146.742
-36.3988,51.776,taolanaro,mg,60.34,14.79,100,broken clouds,http://api.openweathermap.org/data/2.5/weather?appid=ce062735e8cfa1f84a544a629087cf4f&units=imperial&lat=-36.3988&lon=51.776
-76.085,1.0359,hermanus,za,-42.62,2.71,69,clear sky,http://api.openweathermap.org/data/2.5/weather?appid=ce062735e8cfa1f84a544a629087cf4f&units=imperial&lat=-76.085&lon=1.0359
-79.9846,19.7478,bredasdorp,za,-60.53,17.25,0,clear sky,http://api.openweathermap.org/data/2.5/weather?appid=ce062735e8cfa1f84a544a629087cf4f&units=imperial&lat=-79.9846&lon=19.7478
68.5314,95.1675,tura,ru,-11.3,3.83,65,scattered clouds,http://api.openweathermap.org/data/2.5/weather?appid=ce062735e8cfa1f84a544a629087cf4f&units=imperial&lat=68.5314&lon=95.1675
-0.5771,-87.3014,san cristobal,ec,73.93,7.4,98,clear sky,http://api.openweathermap.org/data/2.5/weather?appid=ce062735e8cfa1f84a544a629087cf4f&units=imperial&lat=-0.5771&lon=-87.3014
30.3507,11.1706,nalut,ly,58.72,12.77,53,broken clouds,http://api.openweathermap.org/data/2.5/weather?appid=ce062735e8cfa1f84a544a629087cf4f&units=imperial&lat=30.3507&lon=11.1706
-24.1429,-80.1941,taltal,cl,67.18,18.25,100,broken clouds,http://api.openweathermap.org/data/2.5/weather?appid=ce062735e8cfa1f84a544a629087cf4f&units=imperial&lat=-24.1429&lon=-80.1941
-50.5502,-28.9605,cidreira,br,41.44,27.2,100,scattered clouds,http://api.openweathermap.org/data/2.5/weather?appid=ce062735e8cfa1f84a544a629087cf4f&units=imperial&lat=-50.5502&lon=-28.9605
5.9639,85.4724,kalmunai,lk,80.95,7.4,100,light rain,http://api.openweathermap.org/data/2.5/weather?appid=ce062735e8cfa1f84a544a629087cf4f&units=imperial&lat=5.9639&lon=85.4724
-32.3556,-68.1505,san martin,ar,60.43,5.73,93,light rain,http://api.openweathermap.org/data/2.5/weather?appid=ce062735e8cfa1f84a544a629087cf4f&units=imperial&lat=-32.3556&lon=-68.1505
16.1904,41.391,jizan,sa,78.97,1.92,100,few clouds,http://api.openweathermap.org/data/2.5/weather?appid=ce062735e8cfa1f84a544a629087cf4f&units=imperial&lat=16.1904&lon=41.391
-8.6732,-83.9301,pimentel,pe,76.54,11.54,100,broken clouds,http://api.openweathermap.org/data/2.5/weather?appid=ce062735e8cfa1f84a544a629087cf4f&units=imperial&lat=-8.6732&lon=-83.9301
31.99,158.2695,sentyabrskiy,ru,61.15,19.26,100,overcast clouds,http://api.openweathermap.org/data/2.5/weather?appid=ce062735e8cfa1f84a544a629087cf4f&units=imperial&lat=31.99&lon=158.2695
17.5868,-42.6111,cayenne,gf,73.66,13.11,100,light rain,http://api.openweathermap.org/data/2.5/weather?appid=ce062735e8cfa1f84a544a629087cf4f&units=imperial&lat=17.5868&lon=-42.6111
10.8741,130.7769,pilar,ph,82.57,11.21,100,few clouds,http://api.openweathermap.org/data/2.5/weather?appid=ce062735e8cfa1f84a544a629087cf4f&units=imperial&lat=10.8741&lon=130.7769
4.367,-34.5833,trairi,br,78.97,13.78,100,clear sky,http://api.openweathermap.org/data/2.5/weather?appid=ce062735e8cfa1f84a544a629087cf4f&units=imperial&lat=4.367&lon=-34.5833
71.2969,-119.8716,norman wells,ca,-14.27,3.83,88,clear sky,http://api.openweathermap.org/data/2.5/weather?appid=ce062735e8cfa1f84a544a629087cf4f&units=imperial&lat=71.2969&lon=-119.8716
61.1025,-120.1174,fort nelson,ca,9.13,2.48,77,clear sky,http://api.openweathermap.org/data/2.5/weather?appid=ce062735e8cfa1f84a544a629087cf4f&units=imperial&lat=61.1025&lon=-120.1174
53.325,179.3486,beringovskiy,ru,39.28,24.52,95,light rain,http://api.openweathermap.org/data/2.5/weather?appid=ce062735e8cfa1f84a544a629087cf4f&units=imperial&lat=53.325&lon=179.3486
3.398,-150.2223,hilo,us,79.78,11.77,100,overcast clouds,http://api.openweathermap.org/data/2.5/weather?appid=ce062735e8cfa1f84a544a629087cf4f&units=imperial&lat=3.398&lon=-150.2223
-18.6317,41.538,angoche,mz,85.72,8.97,95,clear sky,http://api.openweathermap.org/data/2.5/weather?appid=ce062735e8cfa1f84a544a629087cf4f&units=imperial&lat=-18.6317&lon=41.538
-45.8819,-167.7134,vaini,to,59.89,23.73,97,broken clouds,http://api.openweathermap.org/data/2.5/weather?appid=ce062735e8cfa1f84a544a629087cf4f&units=imperial&lat=-45.8819&lon=-167.7134
-61.5815,156.7898,tuatapere,nz,36.58,25.52,92,light rain,http://api.openweathermap.org/data/2.5/weather?appid=ce062735e8cfa1f84a544a629087cf4f&units=imperial&lat=-61.5815&lon=156.7898
83.1315,-34.9304,tasiilaq,gl,-35.69,1.92,68,clear sky,http://api.openweathermap.org/data/2.5/weather?appid=ce062735e8cfa1f84a544a629087cf4f&units=imperial&lat=83.1315&lon=-34.9304
-24.6663,24.7193,letlhakeng,bw,64.66,10.42,92,broken clouds,http://api.openweathermap.org/data/2.5/weather?appid=ce062735e8cfa1f84a544a629087cf4f&units=imperial&lat=-24.6663&lon=24.7193
46.2034,-30.3626,lagoa,pt,51.25,42.41,100,broken clouds,http://api.openweathermap.org/data/2.5/weather?appid=ce062735e8cfa1f84a544a629087cf4f&units=imperial&lat=46.2034&lon=-30.3626
58.9265,115.718,kropotkin,ru,17.59,8.41,44,scattered clouds,http://api.openweathermap.org/data/2.5/weather?appid=ce062735e8cfa1f84a544a629087cf4f&units=imperial&lat=58.9265&lon=115.718
-20.7681,167.3596,we,nc,79.51,12.33,88,overcast clouds,http://api.openweathermap.org/data/2.5/weather?appid=ce062735e8cfa1f84a544a629087cf4f&units=imperial&lat=-20.7681&lon=167.3596
24.4991,21.4299,jalu,ly,62.05,2.93,18,clear sky,http://api.openweathermap.org/data/2.5/weather?appid=ce062735e8cfa1f84a544a629087cf4f&units=imperial&lat=24.4991&lon=21.4299
13.1575,59.1177,salalah,om,78.43,4.38,100,clear sky,http://api.openweathermap.org/data/2.5/weather?appid=ce062735e8cfa1f84a544a629087cf4f&units=imperial&lat=13.1575&lon=59.1177
-55.4857,132.9616,new norfolk,au,38.47,16.02,100,light rain,http://api.openweathermap.org/data/2.5/weather?appid=ce062735e8cfa1f84a544a629087cf4f&units=imperial&lat=-55.4857&lon=132.9616
-38.5868,-89.9448,lebu,cl,65.83,17.36,96,clear sky,http://api.openweathermap.org/data/2.5/weather?appid=ce062735e8cfa1f84a544a629087cf4f&units=imperial&lat=-38.5868&lon=-89.9448
88.7693,-79.8046,qaanaaq,gl,-0.59,8.75,79,scattered clouds,http://api.openweathermap.org/data/2.5/weather?appid=ce062735e8cfa1f84a544a629087cf4f&units=imperial&lat=88.7693&lon=-79.8046
-4.7429,107.0076,teluknaga,id,80.86,8.3,100,moderate rain,http://api.openweathermap.org/data/2.5/weather?appid=ce062735e8cfa1f84a544a629087cf4f&units=imperial&lat=-4.7429&lon=107.0076
82.5811,141.1949,nizhneyansk,ru,1.03,14.34,94,broken clouds,http://api.openweathermap.org/data/2.5/weather?appid=ce062735e8cfa1f84a544a629087cf4f&units=imperial&lat=82.5811&lon=141.1949
27.8198,-63.4221,hamilton,bm,71.41,13.67,100,light rain,http://api.openweathermap.org/data/2.5/weather?appid=ce062735e8cfa1f84a544a629087cf4f&units=imperial&lat=27.8198&lon=-63.4221
-20.7657,154.4105,yeppoon,au,76.99,22.84,100,moderate rain,http://api.openweathermap.org/data/2.5/weather?appid=ce062735e8cfa1f84a544a629087cf4f&units=imperial&lat=-20.7657&lon=154.4105
64.7881,116.5516,nyurba,ru,17.68,8.75,48,clear sky,http://api.openweathermap.org/data/2.5/weather?appid=ce062735e8cfa1f84a544a629087cf4f&units=imperial&lat=64.7881&lon=116.5516
1.658,130.221,sorong,id,85.63,13.33,98,few clouds,http://api.openweathermap.org/data/2.5/weather?appid=ce062735e8cfa1f84a544a629087cf4f&units=imperial&lat=1.658&lon=130.221
4.5119,144.5971,lorengau,pg,84.91,13.22,99,broken clouds,http://api.openweathermap.org/data/2.5/weather?appid=ce062735e8cfa1f84a544a629087cf4f&units=imperial&lat=4.5119&lon=144.5971
54.3497,137.0245,chumikan,ru,26.86,18.03,88,overcast clouds,http://api.openweathermap.org/data/2.5/weather?appid=ce062735e8cfa1f84a544a629087cf4f&units=imperial&lat=54.3497&lon=137.0245
-70.9499,171.0247,bluff,nz,15.16,54.6,100,scattered clouds,http://api.openweathermap.org/data/2.5/weather?appid=ce062735e8cfa1f84a544a629087cf4f&units=imperial&lat=-70.9499&lon=171.0247
64.4226,-102.4143,flin flon,ca,-14.81,10.2,66,scattered clouds,http://api.openweathermap.org/data/2.5/weather?appid=ce062735e8cfa1f84a544a629087cf4f&units=imperial&lat=64.4226&lon=-102.4143
2.9747,11.6315,mvangue,cm,69.34,2.93,96,overcast clouds,http://api.openweathermap.org/data/2.5/weather?appid=ce062735e8cfa1f84a544a629087cf4f&units=imperial&lat=2.9747&lon=11.6315
39.6753,70.0859,vorukh,tj,55.4,8.95,66,broken clouds,http://api.openweathermap.org/data/2.5/weather?appid=ce062735e8cfa1f84a544a629087cf4f&units=imperial&lat=39.6753&lon=70.0859
54.3721,143.5361,okha,ru,22.36,9.64,100,overcast clouds,http://api.openweathermap.org/data/2.5/weather?appid=ce062735e8cfa1f84a544a629087cf4f&units=imperial&lat=54.3721&lon=143.5361
-4.4226,110.2852,mlonggo,id,84.19,9.64,100,broken clouds,http://api.openweathermap.org/data/2.5/weather?appid=ce062735e8cfa1f84a544a629087cf4f&units=imperial&lat=-4.4226&lon=110.2852
-44.7771,-160.0905,avarua,ck,57.73,29.1,97,broken clouds,http://api.openweathermap.org/data/2.5/weather?appid=ce062735e8cfa1f84a544a629087cf4f&units=imperial&lat=-44.7771&lon=-160.0905
46.0289,93.0643,hami,cn,24.07,2.15,67,few clouds,http://api.openweathermap.org/data/2.5/weather?appid=ce062735e8cfa1f84a544a629087cf4f&units=imperial&lat=46.0289&lon=93.0643
-7.5164,162.0155,auki,sb,84.19,8.75,100,broken clouds,http://api.openweathermap.org/data/2.5/weather?appid=ce062735e8cfa1f84a544a629087cf4f&units=imperial&lat=-7.5164&lon=162.0155
81.5211,-66.5956,narsaq,gl,-26.69,4.16,81,clear sky,http://api.openweathermap.org/data/2.5/weather?appid=ce062735e8cfa1f84a544a629087cf4f&units=imperial&lat=81.5211&lon=-66.5956
-3.7546,-67.416,santo antonio do ica,br,74.47,2.15,93,few clouds,http://api.openweathermap.org/data/2.5/weather?appid=ce062735e8cfa1f84a544a629087cf4f&units=imperial&lat=-3.7546&lon=-67.416
-1.7923,-76.7711,palora,ec,70.87,2.59,99,light rain,http://api.openweathermap.org/data/2.5/weather?appid=ce062735e8cfa1f84a544a629087cf4f&units=imperial&lat=-1.7923&lon=-76.7711
56.8879,-89.4969,sioux lookout,ca,1.03,12.44,82,scattered clouds,http://api.openweathermap.org/data/2.5/weather?appid=ce062735e8cfa1f84a544a629087cf4f&units=imperial&lat=56.8879&lon=-89.4969
8.327,-89.7044,santa cruz,cr,81.13,10.98,100,few clouds,http://api.openweathermap.org/data/2.5/weather?appid=ce062735e8cfa1f84a544a629087cf4f&units=imperial&lat=8.327&lon=-89.7044
64.0957,-131.9889,mayo,ca,2.47,3.83,73,few clouds,http://api.openweathermap.org/data/2.5/weather?appid=ce062735e8cfa1f84a544a629087cf4f&units=imperial&lat=64.0957&lon=-131.9889
-4.9973,127.0491,ambon,id,83.29,11.54,100,scattered clouds,http://api.openweathermap.org/data/2.5/weather?appid=ce062735e8cfa1f84a544a629087cf4f&units=imperial&lat=-4.9973&lon=127.0491
-1.8843,174.5251,utiroa,ki,83.38,14,100,overcast clouds,http://api.openweathermap.org/data/2.5/weather?appid=ce062735e8cfa1f84a544a629087cf4f&units=imperial&lat=-1.8843&lon=174.5251
84.0826,92.6405,talnakh,ru,-10.31,1.81,72,scattered clouds,http://api.openweathermap.org/data/2.5/weather?appid=ce062735e8cfa1f84a544a629087cf4f&units=imperial&lat=84.0826&lon=92.6405
17.8385,-157.9912,lahaina,us,76.9,8.75,100,overcast clouds,http://api.openweathermap.org/data/2.5/weather?appid=ce062735e8cfa1f84a544a629087cf4f&units=imperial&lat=17.8385&lon=-157.9912
14.4229,-36.3739,porto novo,cv,73.3,17.25,100,scattered clouds,http://api.openweathermap.org/data/2.5/weather?appid=ce062735e8cfa1f84a544a629087cf4f&units=imperial&lat=14.4229&lon=-36.3739
45.927,36.242,novyy svit,ua,42.61,8.52,84,overcast clouds,http://api.openweathermap.org/data/2.5/weather?appid=ce062735e8cfa1f84a544a629087cf4f&units=imperial&lat=45.927&lon=36.242
73.1465,116.3586,saskylakh,ru,9.67,6.73,89,scattered clouds,http://api.openweathermap.org/data/2.5/weather?appid=ce062735e8cfa1f84a544a629087cf4f&units=imperial&lat=73.1465&lon=116.3586
-50.8402,-33.4756,chuy,uy,42.34,23.29,94,light rain,http://api.openweathermap.org/data/2.5/weather?appid=ce062735e8cfa1f84a544a629087cf4f&units=imperial&lat=-50.8402&lon=-33.4756
-47.9963,-9.226,cape town,za,45.04,25.52,89,light rain,http://api.openweathermap.org/data/2.5/weather?appid=ce062735e8cfa1f84a544a629087cf4f&units=imperial&lat=-47.9963&lon=-9.226
12.7739,126.0671,alugan,ph,82.66,11.88,100,scattered clouds,http://api.openweathermap.org/data/2.5/weather?appid=ce062735e8cfa1f84a544a629087cf4f&units=imperial&lat=12.7739&lon=126.0671
35.0395,-133.7826,fortuna,us,56.56,8.75,100,few clouds,http://api.openweathermap.org/data/2.5/weather?appid=ce062735e8cfa1f84a544a629087cf4f&units=imperial&lat=35.0395&lon=-133.7826
-44.5222,170.2438,ranfurly,nz,62.59,11.65,56,scattered clouds,http://api.openweathermap.org/data/2.5/weather?appid=ce062735e8cfa1f84a544a629087cf4f&units=imperial&lat=-44.5222&lon=170.2438
23.2253,0.6758,tessalit,ml,72.4,11.21,34,scattered clouds,http://api.openweathermap.org/data/2.5/weather?appid=ce062735e8cfa1f84a544a629087cf4f&units=imperial&lat=23.2253&lon=0.6758
60.0116,82.2466,parabel,ru,19.93,6.96,75,broken clouds,http://api.openweathermap.org/data/2.5/weather?appid=ce062735e8cfa1f84a544a629087cf4f&units=imperial&lat=60.0116&lon=82.2466
34.6969,112.6064,luoyang,cn,85,5.06,36,clear sky,http://api.openweathermap.org/data/2.5/weather?appid=ce062735e8cfa1f84a544a629087cf4f&units=imperial&lat=34.6969&lon=112.6064
61.8779,-1.3353,brae,gb,39.37,14.56,100,broken clouds,http://api.openweathermap.org/data/2.5/weather?appid=ce062735e8cfa1f84a544a629087cf4f&units=imperial&lat=61.8779&lon=-1.3353
-29.4927,-50.8556,tres coroas,br,69.8,10.29,100,mist,http://api.openweathermap.org/data/2.5/weather?appid=ce062735e8cfa1f84a544a629087cf4f&units=imperial&lat=-29.4927&lon=-50.8556
4.4271,99.3015,belawan,id,81.13,9.53,100,scattered clouds,http://api.openweathermap.org/data/2.5/weather?appid=ce062735e8cfa1f84a544a629087cf4f&units=imperial&lat=4.4271&lon=99.3015
55.8047,69.2874,novoseleznevo,ru,30.91,9.75,98,broken clouds,http://api.openweathermap.org/data/2.5/weather?appid=ce062735e8cfa1f84a544a629087cf4f&units=imperial&lat=55.8047&lon=69.2874
5.1771,107.6621,pemangkat,id,81.94,10.87,100,clear sky,http://api.openweathermap.org/data/2.5/weather?appid=ce062735e8cfa1f84a544a629087cf4f&units=imperial&lat=5.1771&lon=107.6621
26.269,-7.0227,tiznit,ma,62.59,4.16,39,clear sky,http://api.openweathermap.org/data/2.5/weather?appid=ce062735e8cfa1f84a544a629087cf4f&units=imperial&lat=26.269&lon=-7.0227
62.1664,-55.4465,maniitsoq,gl,36.31,25.86,86,broken clouds,http://api.openweathermap.org/data/2.5/weather?appid=ce062735e8cfa1f84a544a629087cf4f&units=imperial&lat=62.1664&lon=-55.4465
6.2556,-42.3325,carutapera,br,78.61,16.35,100,overcast clouds,http://api.openweathermap.org/data/2.5/weather?appid=ce062735e8cfa1f84a544a629087cf4f&units=imperial&lat=6.2556&lon=-42.3325
-27.3758,63.4547,mahebourg,mu,75.73,13.78,100,broken clouds,http://api.openweathermap.org/data/2.5/weather?appid=ce062735e8cfa1f84a544a629087cf4f&units=imperial&lat=-27.3758&lon=63.4547
-40.0361,154.611,batemans bay,au,65.56,25.97,97,clear sky,http://api.openweathermap.org/data/2.5/weather?appid=ce062735e8cfa1f84a544a629087cf4f&units=imperial&lat=-40.0361&lon=154.611
49.0237,148.9928,vostok,ru,31.54,22.28,96,overcast clouds,http://api.openweathermap.org/data/2.5/weather?appid=ce062735e8cfa1f84a544a629087cf4f&units=imperial&lat=49.0237&lon=148.9928
4.2574,-57.6495,ituni,gy,79.78,6.4,79,scattered clouds,http://api.openweathermap.org/data/2.5/weather?appid=ce062735e8cfa1f84a544a629087cf4f&units=imperial&lat=4.2574&lon=-57.6495
62.3915,73.505,surgut,ru,23.44,8.75,99,few clouds,http://api.openweathermap.org/data/2.5/weather?appid=ce062735e8cfa1f84a544a629087cf4f&units=imperial&lat=62.3915&lon=73.505
31.3733,110.7068,yichang,cn,73.75,2.37,51,clear sky,http://api.openweathermap.org/data/2.5/weather?appid=ce062735e8cfa1f84a544a629087cf4f&units=imperial&lat=31.3733&lon=110.7068
15.2856,9.2747,tanout,ne,62.59,6.17,24,clear sky,http://api.openweathermap.org/data/2.5/weather?appid=ce062735e8cfa1f84a544a629087cf4f&units=imperial&lat=15.2856&lon=9.2747
22.2713,108.697,qinzhou,cn,86,6.71,45,few clouds,http://api.openweathermap.org/data/2.5/weather?appid=ce062735e8cfa1f84a544a629087cf4f&units=imperial&lat=22.2713&lon=108.697
-9.0264,-19.45,georgetown,sh,78.97,12.77,100,overcast clouds,http://api.openweathermap.org/data/2.5/weather?appid=ce062735e8cfa1f84a544a629087cf4f&units=imperial&lat=-9.0264&lon=-19.45
38.6497,132.6575,sakaiminato,jp,52.69,16.13,87,clear sky,http://api.openweathermap.org/data/2.5/weather?appid=ce062735e8cfa1f84a544a629087cf4f&units=imperial&lat=38.6497&lon=132.6575
21.3285,-35.3124,ponta do sol,cv,69.16,15.01,100,overcast clouds,http://api.openweathermap.org/data/2.5/weather?appid=ce062735e8cfa1f84a544a629087cf4f&units=imperial&lat=21.3285&lon=-35.3124
-52.4977,-42.8319,mar del plata,ar,42.79,23.06,92,light rain,http://api.openweathermap.org/data/2.5/weather?appid=ce062735e8cfa1f84a544a629087cf4f&units=imperial&lat=-52.4977&lon=-42.8319
43.3837,2.9452,narbonne,fr,49.06,16.11,81,overcast clouds,http://api.openweathermap.org/data/2.5/weather?appid=ce062735e8cfa1f84a544a629087cf4f&units=imperial&lat=43.3837&lon=2.9452
-31.4677,97.0423,geraldton,au,64.75,3.94,100,light rain,http://api.openweathermap.org/data/2.5/weather?appid=ce062735e8cfa1f84a544a629087cf4f&units=imperial&lat=-31.4677&lon=97.0423
58.8121,154.0498,talaya,ru,29.83,13.67,100,overcast clouds,http://api.openweathermap.org/data/2.5/weather?appid=ce062735e8cfa1f84a544a629087cf4f&units=imperial&lat=58.8121&lon=154.0498
-3.142,31.1889,kakonko,tz,66.64,4.5,99,few clouds,http://api.openweathermap.org/data/2.5/weather?appid=ce062735e8cfa1f84a544a629087cf4f&units=imperial&lat=-3.142&lon=31.1889
-31.0625,-21.5252,vila velha,br,72.22,2.71,100,clear sky,http://api.openweathermap.org/data/2.5/weather?appid=ce062735e8cfa1f84a544a629087cf4f&units=imperial&lat=-31.0625&lon=-21.5252
63.7557,152.896,seymchan,ru,26.59,3.6,97,broken clouds,http://api.openweathermap.org/data/2.5/weather?appid=ce062735e8cfa1f84a544a629087cf4f&units=imperial&lat=63.7557&lon=152.896
-40.9502,136.4721,mount gambier,au,58.99,23.29,100,broken clouds,http://api.openweathermap.org/data/2.5/weather?appid=ce062735e8cfa1f84a544a629087cf4f&units=imperial&lat=-40.9502&lon=136.4721
1.6617,-46.3369,salinopolis,br,80.14,14.67,100,overcast clouds,http://api.openweathermap.org/data/2.5/weather?appid=ce062735e8cfa1f84a544a629087cf4f&units=imperial&lat=1.6617&lon=-46.3369
3.7923,-72.1624,puerto gaitan,co,73.21,4.72,94,scattered clouds,http://api.openweathermap.org/data/2.5/weather?appid=ce062735e8cfa1f84a544a629087cf4f&units=imperial&lat=3.7923&lon=-72.1624
66.4167,-29.4373,olafsvik,is,28.57,20.83,100,few clouds,http://api.openweathermap.org/data/2.5/weather?appid=ce062735e8cfa1f84a544a629087cf4f&units=imperial&lat=66.4167&lon=-29.4373
53.8865,96.5037,toora-khem,ru,7.42,4.38,57,scattered clouds,http://api.openweathermap.org/data/2.5/weather?appid=ce062735e8cfa1f84a544a629087cf4f&units=imperial&lat=53.8865&lon=96.5037
66.4003,-74.8582,iqaluit,ca,4.9,15.23,86,overcast clouds,http://api.openweathermap.org/data/2.5/weather?appid=ce062735e8cfa1f84a544a629087cf4f&units=imperial&lat=66.4003&lon=-74.8582
59.581,161.4411,palana,ru,28.3,8.97,87,broken clouds,http://api.openweathermap.org/data/2.5/weather?appid=ce062735e8cfa1f84a544a629087cf4f&units=imperial&lat=59.581&lon=161.4411
24.3351,88.7224,rajshahi,bd,87.43,4.61,74,broken clouds,http://api.openweathermap.org/data/2.5/weather?appid=ce062735e8cfa1f84a544a629087cf4f&units=imperial&lat=24.3351&lon=88.7224
24.5043,90.4822,gafargaon,bd,88.87,2.37,73,few clouds,http://api.openweathermap.org/data/2.5/weather?appid=ce062735e8cfa1f84a544a629087cf4f&units=imperial&lat=24.5043&lon=90.4822
-13.2429,12.907,benguela,ao,70.24,3.71,98,moderate rain,http://api.openweathermap.org/data/2.5/weather?appid=ce062735e8cfa1f84a544a629087cf4f&units=imperial&lat=-13.2429&lon=12.907
22.9881,-75.2875,clarence town,bs,75.73,13.67,100,broken clouds,http://api.openweathermap.org/data/2.5/weather?appid=ce062735e8cfa1f84a544a629087cf4f&units=imperial&lat=22.9881&lon=-75.2875
40.6516,-39.3714,ribeira grande,pt,57.55,20.71,100,clear sky,http://api.openweathermap.org/data/2.5/weather?appid=ce062735e8cfa1f84a544a629087cf4f&units=imperial&lat=40.6516&lon=-39.3714
70.8364,-176.9252,mys shmidta,ru,17.59,4.16,76,broken clouds,http://api.openweathermap.org/data/2.5/weather?appid=ce062735e8cfa1f84a544a629087cf4f&units=imperial&lat=70.8364&lon=-176.9252
26.5612,-110.1285,etchoropo,mx,68.62,8.19,91,clear sky,http://api.openweathermap.org/data/2.5/weather?appid=ce062735e8cfa1f84a544a629087cf4f&units=imperial&lat=26.5612&lon=-110.1285
-41.4327,-89.1445,ancud,cl,61.33,27.09,92,light rain,http://api.openweathermap.org/data/2.5/weather?appid=ce062735e8cfa1f84a544a629087cf4f&units=imperial&lat=-41.4327&lon=-89.1445
69.5708,26.0071,karasjok,no,26.6,8.05,73,broken clouds,http://api.openweathermap.org/data/2.5/weather?appid=ce062735e8cfa1f84a544a629087cf4f&units=imperial&lat=69.5708&lon=26.0071
-26.6166,-92.1078,marcona,pe,70.96,18.81,100,light rain,http://api.openweathermap.org/data/2.5/weather?appid=ce062735e8cfa1f84a544a629087cf4f&units=imperial&lat=-26.6166&lon=-92.1078
48.8849,-16.2794,dingle,ie,53.41,14,99,light rain,http://api.openweathermap.org/data/2.5/weather?appid=ce062735e8cfa1f84a544a629087cf4f&units=imperial&lat=48.8849&lon=-16.2794
-29.145,47.0893,ambovombe,mg,77.35,12.77,100,broken clouds,http://api.openweathermap.org/data/2.5/weather?appid=ce062735e8cfa1f84a544a629087cf4f&units=imperial&lat=-29.145&lon=47.0893
-36.7145,64.9427,souillac,mu,61.69,7.52,100,broken clouds,http://api.openweathermap.org/data/2.5/weather?appid=ce062735e8cfa1f84a544a629087cf4f&units=imperial&lat=-36.7145&lon=64.9427
-25.993,173.2565,vao,nc,77.53,26.08,100,broken clouds,http://api.openweathermap.org/data/2.5/weather?appid=ce062735e8cfa1f84a544a629087cf4f&units=imperial&lat=-25.993&lon=173.2565
-11.4031,-60.5264,pimenta bueno,br,71.59,2.04,97,few clouds,http://api.openweathermap.org/data/2.5/weather?appid=ce062735e8cfa1f84a544a629087cf4f&units=imperial&lat=-11.4031&lon=-60.5264
-21.1584,18.9217,gobabis,na,63.76,10.42,80,few clouds,http://api.openweathermap.org/data/2.5/weather?appid=ce062735e8cfa1f84a544a629087cf4f&units=imperial&lat=-21.1584&lon=18.9217
12.0466,-86.5815,nagarote,ni,78.8,9.17,69,few clouds,http://api.openweathermap.org/data/2.5/weather?appid=ce062735e8cfa1f84a544a629087cf4f&units=imperial&lat=12.0466&lon=-86.5815
-41.4798,157.6406,ulladulla,au,65.29,25.08,94,broken clouds,http://api.openweathermap.org/data/2.5/weather?appid=ce062735e8cfa1f84a544a629087cf4f&units=imperial&lat=-41.4798&lon=157.6406
-44.4029,163.9118,te anau,nz,61.15,26.53,95,broken clouds,http://api.openweathermap.org/data/2.5/weather?appid=ce062735e8cfa1f84a544a629087cf4f&units=imperial&lat=-44.4029&lon=163.9118
-28.4277,26.4018,brandfort,za,61.15,7.85,96,broken clouds,http://api.openweathermap.org/data/2.5/weather?appid=ce062735e8cfa1f84a544a629087cf4f&units=imperial&lat=-28.4277&lon=26.4018
40.4992,-97.7148,hastings,us,21.2,11.32,92,overcast clouds,http://api.openweathermap.org/data/2.5/weather?appid=ce062735e8cfa1f84a544a629087cf4f&units=imperial&lat=40.4992&lon=-97.7148
76.2257,-7.5671,klaksvik,fo,6.52,18.7,97,scattered clouds,http://api.openweathermap.org/data/2.5/weather?appid=ce062735e8cfa1f84a544a629087cf4f&units=imperial&lat=76.2257&lon=-7.5671
51.9674,-24.4868,grindavik,is,49.72,17.69,100,moderate rain,http://api.openweathermap.org/data/2.5/weather?appid=ce062735e8cfa1f84a544a629087cf4f&units=imperial&lat=51.9674&lon=-24.4868
36.4964,26.7483,kefalos,gr,60.8,11.41,48,few clouds,http://api.openweathermap.org/data/2.5/weather?appid=ce062735e8cfa1f84a544a629087cf4f&units=imperial&lat=36.4964&lon=26.7483
43.692,101.0222,hovd,mn,54.22,5.95,23,overcast clouds,http://api.openweathermap.org/data/2.5/weather?appid=ce062735e8cfa1f84a544a629087cf4f&units=imperial&lat=43.692&lon=101.0222
-39.3811,-61.2124,punta alta,ar,63.31,15.23,100,clear sky,http://api.openweathermap.org/data/2.5/weather?appid=ce062735e8cfa1f84a544a629087cf4f&units=imperial&lat=-39.3811&lon=-61.2124
39.1485,61.0709,seydi,tm,52.42,5.73,90,few clouds,http://api.openweathermap.org/data/2.5/weather?appid=ce062735e8cfa1f84a544a629087cf4f&units=imperial&lat=39.1485&lon=61.0709
42.7081,74.22,georgiyevka,kz,35.41,1.7,95,few clouds,http://api.openweathermap.org/data/2.5/weather?appid=ce062735e8cfa1f84a544a629087cf4f&units=imperial&lat=42.7081&lon=74.22
5.4317,57.8051,bandarbeyla,so,82.75,8.19,100,broken clouds,http://api.openweathermap.org/data/2.5/weather?appid=ce062735e8cfa1f84a544a629087cf4f&units=imperial&lat=5.4317&lon=57.8051
72.153,141.7296,deputatskiy,ru,9.04,12.1,86,clear sky,http://api.openweathermap.org/data/2.5/weather?appid=ce062735e8cfa1f84a544a629087cf4f&units=imperial&lat=72.153&lon=141.7296
72.1402,-137.8511,aklavik,ca,11.56,29.1,98,broken clouds,http://api.openweathermap.org/data/2.5/weather?appid=ce062735e8cfa1f84a544a629087cf4f&units=imperial&lat=72.1402&lon=-137.8511
-9.989,-37.2489,porto da folha,br,71.32,4.38,90,few clouds,http://api.openweathermap.org/data/2.5/weather?appid=ce062735e8cfa1f84a544a629087cf4f&units=imperial&lat=-9.989&lon=-37.2489
87.0886,171.0833,pevek,ru,-10.85,10.87,74,scattered clouds,http://api.openweathermap.org/data/2.5/weather?appid=ce062735e8cfa1f84a544a629087cf4f&units=imperial&lat=87.0886&lon=171.0833
-4.3826,-167.0083,samalaeulu,ws,81.04,10.87,100,overcast clouds,http://api.openweathermap.org/data/2.5/weather?appid=ce062735e8cfa1f84a544a629087cf4f&units=imperial&lat=-4.3826&lon=-167.0083
13.7863,7.1757,tibiri,ne,75.2,11.41,10,dust,http://api.openweathermap.org/data/2.5/weather?appid=ce062735e8cfa1f84a544a629087cf4f&units=imperial&lat=13.7863&lon=7.1757
84.6832,162.2713,cherskiy,ru,-3.83,4.83,79,broken clouds,http://api.openweathermap.org/data/2.5/weather?appid=ce062735e8cfa1f84a544a629087cf4f&units=imperial&lat=84.6832&lon=162.2713
-27.9041,162.8427,noumea,nc,75.46,18.03,100,few clouds,http://api.openweathermap.org/data/2.5/weather?appid=ce062735e8cfa1f84a544a629087cf4f&units=imperial&lat=-27.9041&lon=162.8427
30.0208,-112.9308,caborca,mx,63.85,6.06,68,clear sky,http://api.openweathermap.org/data/2.5/weather?appid=ce062735e8cfa1f84a544a629087cf4f&units=imperial&lat=30.0208&lon=-112.9308
-20.7698,-150.2191,moerai,pf,81.49,6.73,100,broken clouds,http://api.openweathermap.org/data/2.5/weather?appid=ce062735e8cfa1f84a544a629087cf4f&units=imperial&lat=-20.7698&lon=-150.2191
46.5247,59.3879,emba,kz,43.06,8.75,69,clear sky,http://api.openweathermap.org/data/2.5/weather?appid=ce062735e8cfa1f84a544a629087cf4f&units=imperial&lat=46.5247&lon=59.3879
24.1591,-82.9723,cabanas,cu,75.37,14,100,clear sky,http://api.openweathermap.org/data/2.5/weather?appid=ce062735e8cfa1f84a544a629087cf4f&units=imperial&lat=24.1591&lon=-82.9723
75.6031,132.3072,tiksi,ru,-0.23,23.29,88,scattered clouds,http://api.openweathermap.org/data/2.5/weather?appid=ce062735e8cfa1f84a544a629087cf4f&units=imperial&lat=75.6031&lon=132.3072
67.9017,65.7292,kharp,ru,-3.29,3.15,72,few clouds,http://api.openweathermap.org/data/2.5/weather?appid=ce062735e8cfa1f84a544a629087cf4f&units=imperial&lat=67.9017&lon=65.7292
54.3121,-130.3483,prince rupert,ca,33.8,6.93,86,clear sky,http://api.openweathermap.org/data/2.5/weather?appid=ce062735e8cfa1f84a544a629087cf4f&units=imperial&lat=54.3121&lon=-130.3483
46.4924,-13.4486,muros,es,52.33,18.25,100,light rain,http://api.openweathermap.org/data/2.5/weather?appid=ce062735e8cfa1f84a544a629087cf4f&units=imperial&lat=46.4924&lon=-13.4486
58.8807,139.9928,solnechnyy,ru,28.57,9.42,65,scattered clouds,http://api.openweathermap.org/data/2.5/weather?appid=ce062735e8cfa1f84a544a629087cf4f&units=imperial&lat=58.8807&lon=139.9928
20.4487,98.8025,mae sai,th,80.32,2.59,67,light rain,http://api.openweathermap.org/data/2.5/weather?appid=ce062735e8cfa1f84a544a629087cf4f&units=imperial&lat=20.4487&lon=98.8025
20.8216,-55.0751,codrington,ag,74.38,13.67,100,broken clouds,http://api.openweathermap.org/data/2.5/weather?appid=ce062735e8cfa1f84a544a629087cf4f&units=imperial&lat=20.8216&lon=-55.0751
35.0018,-61.2777,saint george,bm,64.84,1.14,100,broken clouds,http://api.openweathermap.org/data/2.5/weather?appid=ce062735e8cfa1f84a544a629087cf4f&units=imperial&lat=35.0018&lon=-61.2777
-4.5645,-74.2865,requena,pe,73.03,2.59,96,clear sky,http://api.openweathermap.org/data/2.5/weather?appid=ce062735e8cfa1f84a544a629087cf4f&units=imperial&lat=-4.5645&lon=-74.2865
5.7607,-13.47,bonthe,sl,80.23,10.31,100,few clouds,http://api.openweathermap.org/data/2.5/weather?appid=ce062735e8cfa1f84a544a629087cf4f&units=imperial&lat=5.7607&lon=-13.47
-35.1357,-58.0465,la plata,ar,62.6,4.7,93,broken clouds,http://api.openweathermap.org/data/2.5/weather?appid=ce062735e8cfa1f84a544a629087cf4f&units=imperial&lat=-35.1357&lon=-58.0465
58.2306,46.5265,ponazyrevo,ru,30.01,8.3,87,scattered clouds,http://api.openweathermap.org/data/2.5/weather?appid=ce062735e8cfa1f84a544a629087cf4f&units=imperial&lat=58.2306&lon=46.5265
0.6481,69.3396,thinadhoo,mv,85.36,5.17,100,clear sky,http://api.openweathermap.org/data/2.5/weather?appid=ce062735e8cfa1f84a544a629087cf4f&units=imperial&lat=0.6481&lon=69.3396
23.3729,7.6619,gat,ly,50.26,5.17,60,clear sky,http://api.openweathermap.org/data/2.5/weather?appid=ce062735e8cfa1f84a544a629087cf4f&units=imperial&lat=23.3729&lon=7.6619
-6.2288,13.603,matadi,cd,76.54,2.71,97,light rain,http://api.openweathermap.org/data/2.5/weather?appid=ce062735e8cfa1f84a544a629087cf4f&units=imperial&lat=-6.2288&lon=13.603
33.4264,-110.3467,safford,us,48.37,2.37,53,clear sky,http://api.openweathermap.org/data/2.5/weather?appid=ce062735e8cfa1f84a544a629087cf4f&units=imperial&lat=33.4264&lon=-110.3467
54.646,25.9818,pabrade,lt,35.6,13.87,93,light rain,http://api.openweathermap.org/data/2.5/weather?appid=ce062735e8cfa1f84a544a629087cf4f&units=imperial&lat=54.646&lon=25.9818
45.3142,43.2258,aleksandriya,ru,44.41,14.79,92,few clouds,http://api.openweathermap.org/data/2.5/weather?appid=ce062735e8cfa1f84a544a629087cf4f&units=imperial&lat=45.3142&lon=43.2258
-3.2555,-65.4387,uarini,br,75.19,4.83,93,light rain,http://api.openweathermap.org/data/2.5/weather?appid=ce062735e8cfa1f84a544a629087cf4f&units=imperial&lat=-3.2555&lon=-65.4387
-22.8783,-153.334,avera,pf,78.16,7.29,100,overcast clouds,http://api.openweathermap.org/data/2.5/weather?appid=ce062735e8cfa1f84a544a629087cf4f&units=imperial&lat=-22.8783&lon=-153.334
60.3887,89.8332,teya,ru,16.96,9.86,65,scattered clouds,http://api.openweathermap.org/data/2.5/weather?appid=ce062735e8cfa1f84a544a629087cf4f&units=imperial&lat=60.3887&lon=89.8332
19.2304,150.7024,katsuura,jp,82.21,26.31,94,scattered clouds,http://api.openweathermap.org/data/2.5/weather?appid=ce062735e8cfa1f84a544a629087cf4f&units=imperial&lat=19.2304&lon=150.7024
51.4101,154.1973,severo-kurilsk,ru,28.39,11.99,100,clear sky,http://api.openweathermap.org/data/2.5/weather?appid=ce062735e8cfa1f84a544a629087cf4f&units=imperial&lat=51.4101&lon=154.1973
-54.0913,174.0406,kaitangata,nz,46.48,8.63,99,overcast clouds,http://api.openweathermap.org/data/2.5/weather?appid=ce062735e8cfa1f84a544a629087cf4f&units=imperial&lat=-54.0913&lon=174.0406
47.0355,-120.0763,east wenatchee,us,37.08,12.75,69,clear sky,http://api.openweathermap.org/data/2.5/weather?appid=ce062735e8cfa1f84a544a629087cf4f&units=imperial&lat=47.0355&lon=-120.0763
71.7282,-170.6717,lavrentiya,ru,9.31,18.14,95,overcast clouds,http://api.openweathermap.org/data/2.5/weather?appid=ce062735e8cfa1f84a544a629087cf4f&units=imperial&lat=71.7282&lon=-170.6717
58.3968,84.1669,belyy yar,ru,24.07,8.19,64,broken clouds,http://api.openweathermap.org/data/2.5/weather?appid=ce062735e8cfa1f84a544a629087cf4f&units=imperial&lat=58.3968&lon=84.1669
82.7788,10.7635,barentsburg,sj,-13.82,5.73,87,few clouds,http://api.openweathermap.org/data/2.5/weather?appid=ce062735e8cfa1f84a544a629087cf4f&units=imperial&lat=82.7788&lon=10.7635
56.6252,-49.8939,paamiut,gl,33.52,19.71,100,scattered clouds,http://api.openweathermap.org/data/2.5/weather?appid=ce062735e8cfa1f84a544a629087cf4f&units=imperial&lat=56.6252&lon=-49.8939
-2.2208,167.9149,tabiauea,ki,82.84,10.42,100,few clouds,http://api.openweathermap.org/data/2.5/weather?appid=ce062735e8cfa1f84a544a629087cf4f&units=imperial&lat=-2.2208&lon=167.9149
3.0018,-73.3317,puerto lleras,co,73.03,3.38,95,scattered clouds,http://api.openweathermap.org/data/2.5/weather?appid=ce062735e8cfa1f84a544a629087cf4f&units=imperial&lat=3.0018&lon=-73.3317
39.1438,30.6354,afyonkarahisar,tr,39.2,4.7,93,broken clouds,http://api.openweathermap.org/data/2.5/weather?appid=ce062735e8cfa1f84a544a629087cf4f&units=imperial&lat=39.1438&lon=30.6354
42.8221,38.1963,shepsi,ru,55.3,18.48,84,scattered clouds,http://api.openweathermap.org/data/2.5/weather?appid=ce062735e8cfa1f84a544a629087cf4f&units=imperial&lat=42.8221&lon=38.1963
-14.6809,-59.1943,pontes e lacerda,br,66.19,2.71,95,scattered clouds,http://api.openweathermap.org/data/2.5/weather?appid=ce062735e8cfa1f84a544a629087cf4f&units=imperial&lat=-14.6809&lon=-59.1943
1.1216,17.3673,impfondo,cg,71.41,2.82,99,light rain,http://api.openweathermap.org/data/2.5/weather?appid=ce062735e8cfa1f84a544a629087cf4f&units=imperial&lat=1.1216&lon=17.3673
26.9535,128.193,nago,jp,75.2,11.41,50,few clouds,http://api.openweathermap.org/data/2.5/weather?appid=ce062735e8cfa1f84a544a629087cf4f&units=imperial&lat=26.9535&lon=128.193
64.2549,-160.4793,bethel,us,22.17,17.22,78,clear sky,http://api.openweathermap.org/data/2.5/weather?appid=ce062735e8cfa1f84a544a629087cf4f&units=imperial&lat=64.2549&lon=-160.4793
40.6031,72.7192,andijon,uz,59.89,3.6,91,scattered clouds,http://api.openweathermap.org/data/2.5/weather?appid=ce062735e8cfa1f84a544a629087cf4f&units=imperial&lat=40.6031&lon=72.7192
-15.1699,-57.7379,nova olimpia,br,69.88,2.71,99,overcast clouds,http://api.openweathermap.org/data/2.5/weather?appid=ce062735e8cfa1f84a544a629087cf4f&units=imperial&lat=-15.1699&lon=-57.7379
-7.069,179.7939,asau,tv,84.64,11.21,99,clear sky,http://api.openweathermap.org/data/2.5/weather?appid=ce062735e8cfa1f84a544a629087cf4f&units=imperial&lat=-7.069&lon=179.7939
28.3355,-121.8518,rosarito,mx,63.13,11.21,100,scattered clouds,http://api.openweathermap.org/data/2.5/weather?appid=ce062735e8cfa1f84a544a629087cf4f&units=imperial&lat=28.3355&lon=-121.8518
54.6507,141.0795,mnogovershinnyy,ru,24.34,22.28,99,overcast clouds,http://api.openweathermap.org/data/2.5/weather?appid=ce062735e8cfa1f84a544a629087cf4f&units=imperial&lat=54.6507&lon=141.0795
-13.556,14.8522,caconda,ao,62.68,8.3,96,scattered clouds,http://api.openweathermap.org/data/2.5/weather?appid=ce062735e8cfa1f84a544a629087cf4f&units=imperial&lat=-13.556&lon=14.8522
-28.1291,-77.2023,coquimbo,cl,64.75,16.46,100,broken clouds,http://api.openweathermap.org/data/2.5/weather?appid=ce062735e8cfa1f84a544a629087cf4f&units=imperial&lat=-28.1291&lon=-77.2023
-4.7456,174.9405,lolua,tv,83.83,14.67,100,overcast clouds,http://api.openweathermap.org/data/2.5/weather?appid=ce062735e8cfa1f84a544a629087cf4f&units=imperial&lat=-4.7456&lon=174.9405
-27.3156,-57.2077,laureles,py,63.85,4.16,96,few clouds,http://api.openweathermap.org/data/2.5/weather?appid=ce062735e8cfa1f84a544a629087cf4f&units=imperial&lat=-27.3156&lon=-57.2077
47.9869,118.038,manzhouli,cn,32.17,20.15,32,few clouds,http://api.openweathermap.org/data/2.5/weather?appid=ce062735e8cfa1f84a544a629087cf4f&units=imperial&lat=47.9869&lon=118.038
52.1535,-136.5261,sitka,us,41.17,18.81,100,broken clouds,http://api.openweathermap.org/data/2.5/weather?appid=ce062735e8cfa1f84a544a629087cf4f&units=imperial&lat=52.1535&lon=-136.5261
-12.2669,-83.9188,huarmey,pe,75.46,12.55,100,broken clouds,http://api.openweathermap.org/data/2.5/weather?appid=ce062735e8cfa1f84a544a629087cf4f&units=imperial&lat=-12.2669&lon=-83.9188
-22.3714,49.4792,manakara,mg,77.8,8.08,100,light rain,http://api.openweathermap.org/data/2.5/weather?appid=ce062735e8cfa1f84a544a629087cf4f&units=imperial&lat=-22.3714&lon=49.4792
-15.6386,46.6245,mahajanga,mg,86,6.93,66,scattered clouds,http://api.openweathermap.org/data/2.5/weather?appid=ce062735e8cfa1f84a544a629087cf4f&units=imperial&lat=-15.6386&lon=46.6245
-27.8426,-70.7308,copiapo,cl,55.4,1.92,82,broken clouds,http://api.openweathermap.org/data/2.5/weather?appid=ce062735e8cfa1f84a544a629087cf4f&units=imperial&lat=-27.8426&lon=-70.7308
32.3675,108.9681,ankang,cn,74.92,3.15,54,clear sky,http://api.openweathermap.org/data/2.5/weather?appid=ce062735e8cfa1f84a544a629087cf4f&units=imperial&lat=32.3675&lon=108.9681
47.6538,-108.84,lewistown,us,20.47,6.96,93,overcast clouds,http://api.openweathermap.org/data/2.5/weather?appid=ce062735e8cfa1f84a544a629087cf4f&units=imperial&lat=47.6538&lon=-108.84
-1.8935,-63.805,barcelos,br,74.83,2.59,98,scattered clouds,http://api.openweathermap.org/data/2.5/weather?appid=ce062735e8cfa1f84a544a629087cf4f&units=imperial&lat=-1.8935&lon=-63.805
-23.65,-55.8843,lima,py,68.08,2.15,99,overcast clouds,http://api.openweathermap.org/data/2.5/weather?appid=ce062735e8cfa1f84a544a629087cf4f&units=imperial&lat=-23.65&lon=-55.8843
44.1965,109.0283,darhan,mn,35.23,17.47,63,overcast clouds,http://api.openweathermap.org/data/2.5/weather?appid=ce062735e8cfa1f84a544a629087cf4f&units=imperial&lat=44.1965&lon=109.0283
11.653,42.5766,jibuti,dj,79.87,3.71,69,clear sky,http://api.openweathermap.org/data/2.5/weather?appid=ce062735e8cfa1f84a544a629087cf4f&units=imperial&lat=11.653&lon=42.5766
34.9517,2.8789,birin,dz,48.19,12.88,61,clear sky,http://api.openweathermap.org/data/2.5/weather?appid=ce062735e8cfa1f84a544a629087cf4f&units=imperial&lat=34.9517&lon=2.8789
28.2897,-23.2312,los llanos de aridane,es,66.46,14.79,100,broken clouds,http://api.openweathermap.org/data/2.5/weather?appid=ce062735e8cfa1f84a544a629087cf4f&units=imperial&lat=28.2897&lon=-23.2312
0.8921,102.0097,bengkalis,id,82.57,3.49,100,light rain,http://api.openweathermap.org/data/2.5/weather?appid=ce062735e8cfa1f84a544a629087cf4f&units=imperial&lat=0.8921&lon=102.0097
-27.5923,12.1953,luderitz,na,67.99,19.48,100,few clouds,http://api.openweathermap.org/data/2.5/weather?appid=ce062735e8cfa1f84a544a629087cf4f&units=imperial&lat=-27.5923&lon=12.1953
41.3917,-104.2414,cheyenne,us,33.87,6.93,72,clear sky,http://api.openweathermap.org/data/2.5/weather?appid=ce062735e8cfa1f84a544a629087cf4f&units=imperial&lat=41.3917&lon=-104.2414
-9.9574,108.8607,gombong,id,85.18,11.65,100,clear sky,http://api.openweathermap.org/data/2.5/weather?appid=ce062735e8cfa1f84a544a629087cf4f&units=imperial&lat=-9.9574&lon=108.8607
66.0903,-148.521,college,us,11.11,4.94,72,clear sky,http://api.openweathermap.org/data/2.5/weather?appid=ce062735e8cfa1f84a544a629087cf4f&units=imperial&lat=66.0903&lon=-148.521
42.5706,-128.8877,coos bay,us,48.01,25.3,100,scattered clouds,http://api.openweathermap.org/data/2.5/weather?appid=ce062735e8cfa1f84a544a629087cf4f&units=imperial&lat=42.5706&lon=-128.8877
8.2532,-78.32,garachine,pa,75.73,9.98,97,few clouds,http://api.openweathermap.org/data/2.5/weather?appid=ce062735e8cfa1f84a544a629087cf4f&units=imperial&lat=8.2532&lon=-78.32
41.7975,109.0286,dongsheng,cn,55.39,11.99,49,broken clouds,http://api.openweathermap.org/data/2.5/weather?appid=ce062735e8cfa1f84a544a629087cf4f&units=imperial&lat=41.7975&lon=109.0286
39.3301,87.924,korla,cn,66.37,26.42,16,clear sky,http://api.openweathermap.org/data/2.5/weather?appid=ce062735e8cfa1f84a544a629087cf4f&units=imperial&lat=39.3301&lon=87.924
82.5059,21.7292,longyearbyen,sj,-11.66,5.95,97,scattered clouds,http://api.openweathermap.org/data/2.5/weather?appid=ce062735e8cfa1f84a544a629087cf4f&units=imperial&lat=82.5059&lon=21.7292
-18.8223,161.7923,poum,nc,76.81,15.23,100,moderate rain,http://api.openweathermap.org/data/2.5/weather?appid=ce062735e8cfa1f84a544a629087cf4f&units=imperial&lat=-18.8223&lon=161.7923
61.1892,141.8845,okhotsk,ru,20.47,6.06,78,broken clouds,http://api.openweathermap.org/data/2.5/weather?appid=ce062735e8cfa1f84a544a629087cf4f&units=imperial&lat=61.1892&lon=141.8845
-31.7661,134.8729,flinders,au,77.8,12.21,32,clear sky,http://api.openweathermap.org/data/2.5/weather?appid=ce062735e8cfa1f84a544a629087cf4f&units=imperial&lat=-31.7661&lon=134.8729
0.9651,111.8087,sri aman,my,91.4,3.36,63,broken clouds,http://api.openweathermap.org/data/2.5/weather?appid=ce062735e8cfa1f84a544a629087cf4f&units=imperial&lat=0.9651&lon=111.8087
40.5436,-133.2118,eureka,us,51.07,16.8,100,broken clouds,http://api.openweathermap.org/data/2.5/weather?appid=ce062735e8cfa1f84a544a629087cf4f&units=imperial&lat=40.5436&lon=-133.2118
-1.5656,-27.3279,touros,br,80.41,7.4,100,overcast clouds,http://api.openweathermap.org/data/2.5/weather?appid=ce062735e8cfa1f84a544a629087cf4f&units=imperial&lat=-1.5656&lon=-27.3279
-35.203,-55.2708,maldonado,uy,69.8,12.75,83,broken clouds,http://api.openweathermap.org/data/2.5/weather?appid=ce062735e8cfa1f84a544a629087cf4f&units=imperial&lat=-35.203&lon=-55.2708
43.8456,132.5365,ivanovka,ru,41,13.42,80,overcast clouds,http://api.openweathermap.org/data/2.5/weather?appid=ce062735e8cfa1f84a544a629087cf4f&units=imperial&lat=43.8456&lon=132.5365
-25.0737,72.0879,bambous virieux,mu,75.64,9.98,100,scattered clouds,http://api.openweathermap.org/data/2.5/weather?appid=ce062735e8cfa1f84a544a629087cf4f&units=imperial&lat=-25.0737&lon=72.0879
57.7783,-129.583,ketchikan,us,10.39,2.15,79,broken clouds,http://api.openweathermap.org/data/2.5/weather?appid=ce062735e8cfa1f84a544a629087cf4f&units=imperial&lat=57.7783&lon=-129.583
-10.6363,27.5058,likasi,cd,68.89,7.96,82,scattered clouds,http://api.openweathermap.org/data/2.5/weather?appid=ce062735e8cfa1f84a544a629087cf4f&units=imperial&lat=-10.6363&lon=27.5058
29.4587,-154.4625,ahuimanu,us,66.91,14.67,100,light rain,http://api.openweathermap.org/data/2.5/weather?appid=ce062735e8cfa1f84a544a629087cf4f&units=imperial&lat=29.4587&lon=-154.4625
41.2655,-72.0432,groton,us,35.6,5.82,55,clear sky,http://api.openweathermap.org/data/2.5/weather?appid=ce062735e8cfa1f84a544a629087cf4f&units=imperial&lat=41.2655&lon=-72.0432
47.3989,-4.7681,quimper,fr,52.24,19.15,92,light rain,http://api.openweathermap.org/data/2.5/weather?appid=ce062735e8cfa1f84a544a629087cf4f&units=imperial&lat=47.3989&lon=-4.7681
-36.1196,145.4806,kyabram,au,71.23,9.75,62,clear sky,http://api.openweathermap.org/data/2.5/weather?appid=ce062735e8cfa1f84a544a629087cf4f&units=imperial&lat=-36.1196&lon=145.4806
-23.8258,26.0482,boatlaname,bw,64.57,8.08,98,broken clouds,http://api.openweathermap.org/data/2.5/weather?appid=ce062735e8cfa1f84a544a629087cf4f&units=imperial&lat=-23.8258&lon=26.0482
-1.1593,-178.0146,vaitupu,wf,82.21,13,100,scattered clouds,http://api.openweathermap.org/data/2.5/weather?appid=ce062735e8cfa1f84a544a629087cf4f&units=imperial&lat=-1.1593&lon=-178.0146
-20.5389,132.6565,alice springs,au,100.48,16.24,16,clear sky,http://api.openweathermap.org/data/2.5/weather?appid=ce062735e8cfa1f84a544a629087cf4f&units=imperial&lat=-20.5389&lon=132.6565
21.57,96.6614,maymyo,mm,84.73,2.48,50,few clouds,http://api.openweathermap.org/data/2.5/weather?appid=ce062735e8cfa1f84a544a629087cf4f&units=imperial&lat=21.57&lon=96.6614
-14.9505,-143.7574,tautira,pf,81.67,15.01,100,overcast clouds,http://api.openweathermap.org/data/2.5/weather?appid=ce062735e8cfa1f84a544a629087cf4f&units=imperial&lat=-14.9505&lon=-143.7574
54.0226,123.3058,takhtamygda,ru,24.61,14.45,34,broken clouds,http://api.openweathermap.org/data/2.5/weather?appid=ce062735e8cfa1f84a544a629087cf4f&units=imperial&lat=54.0226&lon=123.3058
60.3933,15.2694,borlange,se,23,9.17,53,broken clouds,http://api.openweathermap.org/data/2.5/weather?appid=ce062735e8cfa1f84a544a629087cf4f&units=imperial&lat=60.3933&lon=15.2694
53.9453,129.1548,zeya,ru,28.48,13.22,43,broken clouds,http://api.openweathermap.org/data/2.5/weather?appid=ce062735e8cfa1f84a544a629087cf4f&units=imperial&lat=53.9453&lon=129.1548
4.1781,92.0221,banda aceh,id,84.37,12.55,100,clear sky,http://api.openweathermap.org/data/2.5/weather?appid=ce062735e8cfa1f84a544a629087cf4f&units=imperial&lat=4.1781&lon=92.0221
81.2049,99.3751,khatanga,ru,0.4,13.56,86,broken clouds,http://api.openweathermap.org/data/2.5/weather?appid=ce062735e8cfa1f84a544a629087cf4f&units=imperial&lat=81.2049&lon=99.3751
-89.9695,29.4691,kruisfontein,za,-69.44,4.61,0,clear sky,http://api.openweathermap.org/data/2.5/weather?appid=ce062735e8cfa1f84a544a629087cf4f&units=imperial&lat=-89.9695&lon=29.4691
10.2968,-49.0516,sinnamary,gf,76.81,17.69,100,overcast clouds,http://api.openweathermap.org/data/2.5/weather?appid=ce062735e8cfa1f84a544a629087cf4f&units=imperial&lat=10.2968&lon=-49.0516
-37.1563,161.0709,nelson bay,au,72.13,18.25,94,broken clouds,http://api.openweathermap.org/data/2.5/weather?appid=ce062735e8cfa1f84a544a629087cf4f&units=imperial&lat=-37.1563&lon=161.0709
27.4131,-75.5773,marsh harbour,bs,70.87,11.54,100,scattered clouds,http://api.openweathermap.org/data/2.5/weather?appid=ce062735e8cfa1f84a544a629087cf4f&units=imperial&lat=27.4131&lon=-75.5773
57.3317,-144.4853,palmer,us,40.81,17.69,97,clear sky,http://api.openweathermap.org/data/2.5/weather?appid=ce062735e8cfa1f84a544a629087cf4f&units=imperial&lat=57.3317&lon=-144.4853
15.0009,-162.3412,nanakuli,us,79.6,8.75,100,broken clouds,http://api.openweathermap.org/data/2.5/weather?appid=ce062735e8cfa1f84a544a629087cf4f&units=imperial&lat=15.0009&lon=-162.3412
65.4855,107.9318,aykhal,ru,2.83,8.41,36,scattered clouds,http://api.openweathermap.org/data/2.5/weather?appid=ce062735e8cfa1f84a544a629087cf4f&units=imperial&lat=65.4855&lon=107.9318
44.5353,115.2233,baruun-urt,mn,31.99,18.81,52,broken clouds,http://api.openweathermap.org/data/2.5/weather?appid=ce062735e8cfa1f84a544a629087cf4f&units=imperial&lat=44.5353&lon=115.2233
33.0083,-76.9039,wilmington,us,70.69,13.33,100,scattered clouds,http://api.openweathermap.org/data/2.5/weather?appid=ce062735e8cfa1f84a544a629087cf4f&units=imperial&lat=33.0083&lon=-76.9039
46.2638,-12.2308,carballo,es,53.86,22.06,97,light rain,http://api.openweathermap.org/data/2.5/weather?appid=ce062735e8cfa1f84a544a629087cf4f&units=imperial&lat=46.2638&lon=-12.2308
14.4043,66.3548,malwan,in,81.13,5.84,100,clear sky,http://api.openweathermap.org/data/2.5/weather?appid=ce062735e8cfa1f84a544a629087cf4f&units=imperial&lat=14.4043&lon=66.3548
40.8431,65.3492,nurota,uz,53.23,17.69,82,few clouds,http://api.openweathermap.org/data/2.5/weather?appid=ce062735e8cfa1f84a544a629087cf4f&units=imperial&lat=40.8431&lon=65.3492
47.3309,-77.0338,senneterre,ca,18.31,5.17,73,broken clouds,http://api.openweathermap.org/data/2.5/weather?appid=ce062735e8cfa1f84a544a629087cf4f&units=imperial&lat=47.3309&lon=-77.0338
26.664,-15.123,aguimes,es,64.48,12.1,100,scattered clouds,http://api.openweathermap.org/data/2.5/weather?appid=ce062735e8cfa1f84a544a629087cf4f&units=imperial&lat=26.664&lon=-15.123
13.6798,148.0348,airai,pw,81.31,18.81,100,light rain,http://api.openweathermap.org/data/2.5/weather?appid=ce062735e8cfa1f84a544a629087cf4f&units=imperial&lat=13.6798&lon=148.0348
52.2618,86.7061,choya,ru,31.81,3.27,45,clear sky,http://api.openweathermap.org/data/2.5/weather?appid=ce062735e8cfa1f84a544a629087cf4f&units=imperial&lat=52.2618&lon=86.7061
53.0943,152.1863,sobolevo,ru,27.31,15.23,100,broken clouds,http://api.openweathermap.org/data/2.5/weather?appid=ce062735e8cfa1f84a544a629087cf4f&units=imperial&lat=53.0943&lon=152.1863
-28.8933,-44.9301,imbituba,br,77.35,13.44,96,broken clouds,http://api.openweathermap.org/data/2.5/weather?appid=ce062735e8cfa1f84a544a629087cf4f&units=imperial&lat=-28.8933&lon=-44.9301
59.988,68.306,kondinskoye,ru,24.61,7.85,95,scattered clouds,http://api.openweathermap.org/data/2.5/weather?appid=ce062735e8cfa1f84a544a629087cf4f&units=imperial&lat=59.988&lon=68.306
-10.1599,159.798,honiara,sb,84.91,13.33,100,light rain,http://api.openweathermap.org/data/2.5/weather?appid=ce062735e8cfa1f84a544a629087cf4f&units=imperial&lat=-10.1599&lon=159.798
-1.2528,26.2205,kindu,cd,74.2,2.59,85,scattered clouds,http://api.openweathermap.org/data/2.5/weather?appid=ce062735e8cfa1f84a544a629087cf4f&units=imperial&lat=-1.2528&lon=26.2205
15.8196,98.0602,mudon,mm,83.47,3.49,84,light rain,http://api.openweathermap.org/data/2.5/weather?appid=ce062735e8cfa1f84a544a629087cf4f&units=imperial&lat=15.8196&lon=98.0602
37.3934,142.6381,namie,jp,58.09,12.88,100,clear sky,http://api.openweathermap.org/data/2.5/weather?appid=ce062735e8cfa1f84a544a629087cf4f&units=imperial&lat=37.3934&lon=142.6381
-15.8029,133.9197,ngukurr,au,98.68,11.43,35,few clouds,http://api.openweathermap.org/data/2.5/weather?appid=ce062735e8cfa1f84a544a629087cf4f&units=imperial&lat=-15.8029&lon=133.9197
-7.7345,-65.5711,labrea,br,73.84,2.15,98,broken clouds,http://api.openweathermap.org/data/2.5/weather?appid=ce062735e8cfa1f84a544a629087cf4f&units=imperial&lat=-7.7345&lon=-65.5711
-14.6067,110.4911,boyolangu,id,83.29,11.99,100,broken clouds,http://api.openweathermap.org/data/2.5/weather?appid=ce062735e8cfa1f84a544a629087cf4f&units=imperial&lat=-14.6067&lon=110.4911
17.2537,72.4808,guhagar,in,81.94,13.22,100,clear sky,http://api.openweathermap.org/data/2.5/weather?appid=ce062735e8cfa1f84a544a629087cf4f&units=imperial&lat=17.2537&lon=72.4808
50.228,60.2742,svetlyy,ru,29.65,6.85,99,clear sky,http://api.openweathermap.org/data/2.5/weather?appid=ce062735e8cfa1f84a544a629087cf4f&units=imperial&lat=50.228&lon=60.2742
-0.9793,-54.9926,alenquer,br,71.23,2.15,98,light rain,http://api.openweathermap.org/data/2.5/weather?appid=ce062735e8cfa1f84a544a629087cf4f&units=imperial&lat=-0.9793&lon=-54.9926
38.2484,-73.1354,brigantine,us,54.04,7.18,94,few clouds,http://api.openweathermap.org/data/2.5/weather?appid=ce062735e8cfa1f84a544a629087cf4f&units=imperial&lat=38.2484&lon=-73.1354
33.3271,134.9223,gobo,jp,69.8,6.93,52,few clouds,http://api.openweathermap.org/data/2.5/weather?appid=ce062735e8cfa1f84a544a629087cf4f&units=imperial&lat=33.3271&lon=134.9223
62.1417,52.4641,sindor,ru,30.46,3.71,74,clear sky,http://api.openweathermap.org/data/2.5/weather?appid=ce062735e8cfa1f84a544a629087cf4f&units=imperial&lat=62.1417&lon=52.4641
-4.5435,42.7276,lamu,ke,83.47,9.75,97,overcast clouds,http://api.openweathermap.org/data/2.5/weather?appid=ce062735e8cfa1f84a544a629087cf4f&units=imperial&lat=-4.5435&lon=42.7276
27.9158,38.9599,sakakah,sa,65.29,4.72,69,clear sky,http://api.openweathermap.org/data/2.5/weather?appid=ce062735e8cfa1f84a544a629087cf4f&units=imperial&lat=27.9158&lon=38.9599
47.9214,-91.7986,atikokan,ca,17.6,10.29,57,clear sky,http://api.openweathermap.org/data/2.5/weather?appid=ce062735e8cfa1f84a544a629087cf4f&units=imperial&lat=47.9214&lon=-91.7986
36.898,-22.6225,vila franca do campo,pt,62.59,23.29,100,broken clouds,http://api.openweathermap.org/data/2.5/weather?appid=ce062735e8cfa1f84a544a629087cf4f&units=imperial&lat=36.898&lon=-22.6225
34.6194,64.9434,sahrak,af,65.47,9.64,22,broken clouds,http://api.openweathermap.org/data/2.5/weather?appid=ce062735e8cfa1f84a544a629087cf4f&units=imperial&lat=34.6194&lon=64.9434
39.8474,-15.2546,peniche,pt,58.54,22.17,99,scattered clouds,http://api.openweathermap.org/data/2.5/weather?appid=ce062735e8cfa1f84a544a629087cf4f&units=imperial&lat=39.8474&lon=-15.2546
52.9731,-52.5702,saint anthony,ca,28.12,10.65,100,broken clouds,http://api.openweathermap.org/data/2.5/weather?appid=ce062735e8cfa1f84a544a629087cf4f&units=imperial&lat=52.9731&lon=-52.5702
44.1348,22.7271,bregovo,bg,46.21,13.44,74,clear sky,http://api.openweathermap.org/data/2.5/weather?appid=ce062735e8cfa1f84a544a629087cf4f&units=imperial&lat=44.1348&lon=22.7271
66.5823,-53.3305,sisimiut,gl,15.61,1.81,89,clear sky,http://api.openweathermap.org/data/2.5/weather?appid=ce062735e8cfa1f84a544a629087cf4f&units=imperial&lat=66.5823&lon=-53.3305
68.992,-25.6435,bolungarvik,is,-12.29,3.94,56,clear sky,http://api.openweathermap.org/data/2.5/weather?appid=ce062735e8cfa1f84a544a629087cf4f&units=imperial&lat=68.992&lon=-25.6435
62.6088,173.5497,anadyr,ru,30.19,7.63,93,broken clouds,http://api.openweathermap.org/data/2.5/weather?appid=ce062735e8cfa1f84a544a629087cf4f&units=imperial&lat=62.6088&lon=173.5497
48.5293,16.2147,hollabrunn,at,42.8,12.75,81,scattered clouds,http://api.openweathermap.org/data/2.5/weather?appid=ce062735e8cfa1f84a544a629087cf4f&units=imperial&lat=48.5293&lon=16.2147
18.0086,86.8631,puri,in,80.77,3.38,100,broken clouds,http://api.openweathermap.org/data/2.5/weather?appid=ce062735e8cfa1f84a544a629087cf4f&units=imperial&lat=18.0086&lon=86.8631
33.3383,-114.8906,blythe,us,77,6.93,17,clear sky,http://api.openweathermap.org/data/2.5/weather?appid=ce062735e8cfa1f84a544a629087cf4f&units=imperial&lat=33.3383&lon=-114.8906
-4.094,11.9528,loandjili,cg,72.76,3.94,100,moderate rain,http://api.openweathermap.org/data/2.5/weather?appid=ce062735e8cfa1f84a544a629087cf4f&units=imperial&lat=-4.094&lon=11.9528
21.6162,-85.5602,isla mujeres,mx,78.43,8.19,100,clear sky,http://api.openweathermap.org/data/2.5/weather?appid=ce062735e8cfa1f84a544a629087cf4f&units=imperial&lat=21.6162&lon=-85.5602
14.7401,-103.4546,ixtapa,mx,83.11,7.07,100,few clouds,http://api.openweathermap.org/data/2.5/weather?appid=ce062735e8cfa1f84a544a629087cf4f&units=imperial&lat=14.7401&lon=-103.4546
-7.0693,-163.1649,samusu,ws,83.56,13.56,98,clear sky,http://api.openweathermap.org/data/2.5/weather?appid=ce062735e8cfa1f84a544a629087cf4f&units=imperial&lat=-7.0693&lon=-163.1649
3.082,31.9795,adjumani,ug,71.23,4.5,96,clear sky,http://api.openweathermap.org/data/2.5/weather?appid=ce062735e8cfa1f84a544a629087cf4f&units=imperial&lat=3.082&lon=31.9795
16.6545,-85.588,savannah bight,hn,78.43,7.96,100,clear sky,http://api.openweathermap.org/data/2.5/weather?appid=ce062735e8cfa1f84a544a629087cf4f&units=imperial&lat=16.6545&lon=-85.588
63.8557,87.2457,turukhansk,ru,17.14,14.67,90,broken clouds,http://api.openweathermap.org/data/2.5/weather?appid=ce062735e8cfa1f84a544a629087cf4f&units=imperial&lat=63.8557&lon=87.2457
-2.85,-46.8234,paragominas,br,73.03,1.7,97,moderate rain,http://api.openweathermap.org/data/2.5/weather?appid=ce062735e8cfa1f84a544a629087cf4f&units=imperial&lat=-2.85&lon=-46.8234
-34.2241,-48.3342,rio grande,br,70.42,20.27,100,light rain,http://api.openweathermap.org/data/2.5/weather?appid=ce062735e8cfa1f84a544a629087cf4f&units=imperial&lat=-34.2241&lon=-48.3342
-4.0668,89.9016,meulaboh,id,83.11,5.06,100,overcast clouds,http://api.openweathermap.org/data/2.5/weather?appid=ce062735e8cfa1f84a544a629087cf4f&units=imperial&lat=-4.0668&lon=89.9016
68.7556,135.3472,ust-kuyga,ru,26.05,7.96,56,few clouds,http://api.openweathermap.org/data/2.5/weather?appid=ce062735e8cfa1f84a544a629087cf4f&units=imperial&lat=68.7556&lon=135.3472
-55.2723,178.4221,dunedin,nz,46.21,15.23,100,overcast clouds,http://api.openweathermap.org/data/2.5/weather?appid=ce062735e8cfa1f84a544a629087cf4f&units=imperial&lat=-55.2723&lon=178.4221
-17.916,26.5174,hwange,zw,65.29,5.17,84,clear sky,http://api.openweathermap.org/data/2.5/weather?appid=ce062735e8cfa1f84a544a629087cf4f&units=imperial&lat=-17.916&lon=26.5174
9.5233,62.7667,kavaratti,in,80.59,3.83,100,scattered clouds,http://api.openweathermap.org/data/2.5/weather?appid=ce062735e8cfa1f84a544a629087cf4f&units=imperial&lat=9.5233&lon=62.7667
21.9309,65.0048,keti bandar,pk,79.51,8.97,99,scattered clouds,http://api.openweathermap.org/data/2.5/weather?appid=ce062735e8cfa1f84a544a629087cf4f&units=imperial&lat=21.9309&lon=65.0048
30.7868,-116.0944,camalu,mx,45.31,2.48,95,clear sky,http://api.openweathermap.org/data/2.5/weather?appid=ce062735e8cfa1f84a544a629087cf4f&units=imperial&lat=30.7868&lon=-116.0944
-10.8847,107.7769,kawalu,id,84.01,9.98,100,light rain,http://api.openweathermap.org/data/2.5/weather?appid=ce062735e8cfa1f84a544a629087cf4f&units=imperial&lat=-10.8847&lon=107.7769
57.8596,127.6575,tommot,ru,8.41,15.9,64,overcast clouds,http://api.openweathermap.org/data/2.5/weather?appid=ce062735e8cfa1f84a544a629087cf4f&units=imperial&lat=57.8596&lon=127.6575
-20.9692,92.8719,labuhan,id,74.29,13.78,100,few clouds,http://api.openweathermap.org/data/2.5/weather?appid=ce062735e8cfa1f84a544a629087cf4f&units=imperial&lat=-20.9692&lon=92.8719
52.6792,85.7258,srostki,ru,24.34,6.4,98,clear sky,http://api.openweathermap.org/data/2.5/weather?appid=ce062735e8cfa1f84a544a629087cf4f&units=imperial&lat=52.6792&lon=85.7258
-15.6173,172.9743,vila,vu,82.66,14.45,100,light rain,http://api.openweathermap.org/data/2.5/weather?appid=ce062735e8cfa1f84a544a629087cf4f&units=imperial&lat=-15.6173&lon=172.9743
13.5762,-92.3223,champerico,gt,84.64,4.61,100,clear sky,http://api.openweathermap.org/data/2.5/weather?appid=ce062735e8cfa1f84a544a629087cf4f&units=imperial&lat=13.5762&lon=-92.3223
2.9033,-49.5062,amapa,br,77.17,8.41,100,moderate rain,http://api.openweathermap.org/data/2.5/weather?appid=ce062735e8cfa1f84a544a629087cf4f&units=imperial&lat=2.9033&lon=-49.5062
-0.6976,53.42,victoria,sc,82.3,4.05,100,clear sky,http://api.openweathermap.org/data/2.5/weather?appid=ce062735e8cfa1f84a544a629087cf4f&units=imperial&lat=-0.6976&lon=53.42
64.6724,-62.2112,pangnirtung,ca,24.34,22.5,92,overcast clouds,http://api.openweathermap.org/data/2.5/weather?appid=ce062735e8cfa1f84a544a629087cf4f&units=imperial&lat=64.6724&lon=-62.2112
61.1043,109.9583,yerbogachen,ru,11.29,10.2,44,scattered clouds,http://api.openweathermap.org/data/2.5/weather?appid=ce062735e8cfa1f84a544a629087cf4f&units=imperial&lat=61.1043&lon=109.9583
-5.359,19.0233,kikwit,cd,71.32,4.05,98,moderate rain,http://api.openweathermap.org/data/2.5/weather?appid=ce062735e8cfa1f84a544a629087cf4f&units=imperial&lat=-5.359&lon=19.0233
-2.7188,120.0961,rantepao,id,79.69,2.37,72,scattered clouds,http://api.openweathermap.org/data/2.5/weather?appid=ce062735e8cfa1f84a544a629087cf4f&units=imperial&lat=-2.7188&lon=120.0961
47.1442,-128.9142,ucluelet,ca,44.59,28.54,100,broken clouds,http://api.openweathermap.org/data/2.5/weather?appid=ce062735e8cfa1f84a544a629087cf4f&units=imperial&lat=47.1442&lon=-128.9142
65.5748,7.887,sistranda,no,32,17.22,100,shower rain,http://api.openweathermap.org/data/2.5/weather?appid=ce062735e8cfa1f84a544a629087cf4f&units=imperial&lat=65.5748&lon=7.887
-13.5765,103.1462,palabuhanratu,id,81.94,19.04,100,overcast clouds,http://api.openweathermap.org/data/2.5/weather?appid=ce062735e8cfa1f84a544a629087cf4f&units=imperial&lat=-13.5765&lon=103.1462
22.5084,13.0912,marzuq,ly,60.43,6.85,17,clear sky,http://api.openweathermap.org/data/2.5/weather?appid=ce062735e8cfa1f84a544a629087cf4f&units=imperial&lat=22.5084&lon=13.0912
62.9453,133.9394,khandyga,ru,30.37,6.51,56,overcast clouds,http://api.openweathermap.org/data/2.5/weather?appid=ce062735e8cfa1f84a544a629087cf4f&units=imperial&lat=62.9453&lon=133.9394
30.8631,7.6247,warqla,dz,62.32,2.93,48,scattered clouds,http://api.openweathermap.org/data/2.5/weather?appid=ce062735e8cfa1f84a544a629087cf4f&units=imperial&lat=30.8631&lon=7.6247
-38.2146,-72.8994,traiguen,cl,43.06,1.7,100,clear sky,http://api.openweathermap.org/data/2.5/weather?appid=ce062735e8cfa1f84a544a629087cf4f&units=imperial&lat=-38.2146&lon=-72.8994
-21.1641,116.1219,karratha,au,101.29,10.98,32,scattered clouds,http://api.openweathermap.org/data/2.5/weather?appid=ce062735e8cfa1f84a544a629087cf4f&units=imperial&lat=-21.1641&lon=116.1219
-32.999,-70.5907,los andes,cl,55.4,5.82,76,clear sky,http://api.openweathermap.org/data/2.5/weather?appid=ce062735e8cfa1f84a544a629087cf4f&units=imperial&lat=-32.999&lon=-70.5907
-19.1316,143.1534,atherton,au,87.25,14.9,57,few clouds,http://api.openweathermap.org/data/2.5/weather?appid=ce062735e8cfa1f84a544a629087cf4f&units=imperial&lat=-19.1316&lon=143.1534
4.2469,-28.6098,sao filipe,cv,79.15,11.99,100,overcast clouds,http://api.openweathermap.org/data/2.5/weather?appid=ce062735e8cfa1f84a544a629087cf4f&units=imperial&lat=4.2469&lon=-28.6098
28.3438,123.4092,shenjiamen,cn,66.73,8.19,93,scattered clouds,http://api.openweathermap.org/data/2.5/weather?appid=ce062735e8cfa1f84a544a629087cf4f&units=imperial&lat=28.3438&lon=123.4092
-13.92,165.8492,sola,vu,79.78,7.63,100,moderate rain,http://api.openweathermap.org/data/2.5/weather?appid=ce062735e8cfa1f84a544a629087cf4f&units=imperial&lat=-13.92&lon=165.8492
-23.0323,52.5356,saint-leu,re,79.87,15.35,100,broken clouds,http://api.openweathermap.org/data/2.5/weather?appid=ce062735e8cfa1f84a544a629087cf4f&units=imperial&lat=-23.0323&lon=52.5356
74.857,22.3833,hammerfest,no,27.49,26.31,91,clear sky,http://api.openweathermap.org/data/2.5/weather?appid=ce062735e8cfa1f84a544a629087cf4f&units=imperial&lat=74.857&lon=22.3833
5.5841,-69.4547,la primavera,co,75.64,4.38,87,broken clouds,http://api.openweathermap.org/data/2.5/weather?appid=ce062735e8cfa1f84a544a629087cf4f&units=imperial&lat=5.5841&lon=-69.4547
2.3255,-73.2305,puerto concordia,co,74.47,4.16,92,few clouds,http://api.openweathermap.org/data/2.5/weather?appid=ce062735e8cfa1f84a544a629087cf4f&units=imperial&lat=2.3255&lon=-73.2305
66.3607,25.4825,rovaniemi,fi,15.8,5.82,66,clear sky,http://api.openweathermap.org/data/2.5/weather?appid=ce062735e8cfa1f84a544a629087cf4f&units=imperial&lat=66.3607&lon=25.4825
-48.7925,-54.2504,necochea,ar,51.43,20.83,86,broken clouds,http://api.openweathermap.org/data/2.5/weather?appid=ce062735e8cfa1f84a544a629087cf4f&units=imperial&lat=-48.7925&lon=-54.2504
-19.1868,44.1979,morondava,mg,84.91,2.04,81,broken clouds,http://api.openweathermap.org/data/2.5/weather?appid=ce062735e8cfa1f84a544a629087cf4f&units=imperial&lat=-19.1868&lon=44.1979
-11.0377,-55.7821,alta floresta,br,72.13,1.36,97,clear sky,http://api.openweathermap.org/data/2.5/weather?appid=ce062735e8cfa1f84a544a629087cf4f&units=imperial&lat=-11.0377&lon=-55.7821
-1.2405,115.415,amuntai,id,80.14,2.71,87,light rain,http://api.openweathermap.org/data/2.5/weather?appid=ce062735e8cfa1f84a544a629087cf4f&units=imperial&lat=-1.2405&lon=115.415
63.8976,95.8251,baykit,ru,7.24,10.2,74,broken clouds,http://api.openweathermap.org/data/2.5/weather?appid=ce062735e8cfa1f84a544a629087cf4f&units=imperial&lat=63.8976&lon=95.8251
36.9294,108.3276,yanan,cn,81.04,5.84,15,clear sky,http://api.openweathermap.org/data/2.5/weather?appid=ce062735e8cfa1f84a544a629087cf4f&units=imperial&lat=36.9294&lon=108.3276
-21.6247,8.4787,henties bay,na,71.23,16.8,100,clear sky,http://api.openweathermap.org/data/2.5/weather?appid=ce062735e8cfa1f84a544a629087cf4f&units=imperial&lat=-21.6247&lon=8.4787
-17.0013,11.2767,namibe,ao,75.19,6.17,100,moderate rain,http://api.openweathermap.org/data/2.5/weather?appid=ce062735e8cfa1f84a544a629087cf4f&units=imperial&lat=-17.0013&lon=11.2767
3.5501,-18.7733,goderich,sl,79.6,5.17,100,few clouds,http://api.openweathermap.org/data/2.5/weather?appid=ce062735e8cfa1f84a544a629087cf4f&units=imperial&lat=3.5501&lon=-18.7733
-5.519,-59.6274,novo aripuana,br,75.37,2.59,94,clear sky,http://api.openweathermap.org/data/2.5/weather?appid=ce062735e8cfa1f84a544a629087cf4f&units=imperial&lat=-5.519&lon=-59.6274
-28.5443,24.5369,barkly west,za,69.8,8.05,77,clear sky,http://api.openweathermap.org/data/2.5/weather?appid=ce062735e8cfa1f84a544a629087cf4f&units=imperial&lat=-28.5443&lon=24.5369
-34.603,32.8661,umzimvubu,za,71.05,22.5,99,overcast clouds,http://api.openweathermap.org/data/2.5/weather?appid=ce062735e8cfa1f84a544a629087cf4f&units=imperial&lat=-34.603&lon=32.8661
-19.4342,-82.4883,pisco,pe,68.53,19.26,100,overcast clouds,http://api.openweathermap.org/data/2.5/weather?appid=ce062735e8cfa1f84a544a629087cf4f&units=imperial&lat=-19.4342&lon=-82.4883
8.6884,-67.9399,calabozo,ve,81.94,6.29,58,scattered clouds,http://api.openweathermap.org/data/2.5/weather?appid=ce062735e8cfa1f84a544a629087cf4f&units=imperial&lat=8.6884&lon=-67.9399
7.7789,105.2544,ca mau,vn,80.86,14.9,100,clear sky,http://api.openweathermap.org/data/2.5/weather?appid=ce062735e8cfa1f84a544a629087cf4f&units=imperial&lat=7.7789&lon=105.2544
-19.8216,150.7459,mackay,au,77.89,37.83,100,moderate rain,http://api.openweathermap.org/data/2.5/weather?appid=ce062735e8cfa1f84a544a629087cf4f&units=imperial&lat=-19.8216&lon=150.7459
49.4703,-106.2958,assiniboia,ca,-0.14,2.93,69,scattered clouds,http://api.openweathermap.org/data/2.5/weather?appid=ce062735e8cfa1f84a544a629087cf4f&units=imperial&lat=49.4703&lon=-106.2958
26.414,18.0043,waddan,ly,60.79,16.24,47,clear sky,http://api.openweathermap.org/data/2.5/weather?appid=ce062735e8cfa1f84a544a629087cf4f&units=imperial&lat=26.414&lon=18.0043
49.5072,-58.6808,corner brook,ca,32.08,24.85,98,broken clouds,http://api.openweathermap.org/data/2.5/weather?appid=ce062735e8cfa1f84a544a629087cf4f&units=imperial&lat=49.5072&lon=-58.6808
34.3601,-74.9724,havelock,us,69.61,12.44,100,scattered clouds,http://api.openweathermap.org/data/2.5/weather?appid=ce062735e8cfa1f84a544a629087cf4f&units=imperial&lat=34.3601&lon=-74.9724
57.3295,-141.0612,haines junction,ca,39.64,11.1,100,clear sky,http://api.openweathermap.org/data/2.5/weather?appid=ce062735e8cfa1f84a544a629087cf4f&units=imperial&lat=57.3295&lon=-141.0612
-26.9584,176.0758,kaeo,nz,73.57,28.1,100,moderate rain,http://api.openweathermap.org/data/2.5/weather?appid=ce062735e8cfa1f84a544a629087cf4f&units=imperial&lat=-26.9584&lon=176.0758
40.2972,65.2132,karmana,uz,57.2,11.41,50,broken clouds,http://api.openweathermap.org/data/2.5/weather?appid=ce062735e8cfa1f84a544a629087cf4f&units=imperial&lat=40.2972&lon=65.2132
50.8203,-42.1265,nanortalik,gl,41.89,40.4,100,scattered clouds,http://api.openweathermap.org/data/2.5/weather?appid=ce062735e8cfa1f84a544a629087cf4f&units=imperial&lat=50.8203&lon=-42.1265
11.6743,-60.8879,scarborough,tt,75.2,14.67,78,few clouds,http://api.openweathermap.org/data/2.5/weather?appid=ce062735e8cfa1f84a544a629087cf4f&units=imperial&lat=11.6743&lon=-60.8879
15.0213,-63.5557,baillif,gp,77.35,15.35,100,light rain,http://api.openweathermap.org/data/2.5/weather?appid=ce062735e8cfa1f84a544a629087cf4f&units=imperial&lat=15.0213&lon=-63.5557
28.5073,-148.9736,kahului,us,68.53,11.54,97,overcast clouds,http://api.openweathermap.org/data/2.5/weather?appid=ce062735e8cfa1f84a544a629087cf4f&units=imperial&lat=28.5073&lon=-148.9736
33.4896,60.6766,anar darreh,af,52.51,11.99,79,few clouds,http://api.openweathermap.org/data/2.5/weather?appid=ce062735e8cfa1f84a544a629087cf4f&units=imperial&lat=33.4896&lon=60.6766
6.6878,18.333,bouca,cf,77.35,2.93,83,clear sky,http://api.openweathermap.org/data/2.5/weather?appid=ce062735e8cfa1f84a544a629087cf4f&units=imperial&lat=6.6878&lon=18.333
64.932,132.0155,borogontsy,ru,17.59,3.94,80,broken clouds,http://api.openweathermap.org/data/2.5/weather?appid=ce062735e8cfa1f84a544a629087cf4f&units=imperial&lat=64.932&lon=132.0155
2.8607,-66.8588,inirida,co,72.94,2.04,98,scattered clouds,http://api.openweathermap.org/data/2.5/weather?appid=ce062735e8cfa1f84a544a629087cf4f&units=imperial&lat=2.8607&lon=-66.8588
-7.3048,5.4836,mayumba,ga,78.79,10.31,100,clear sky,http://api.openweathermap.org/data/2.5/weather?appid=ce062735e8cfa1f84a544a629087cf4f&units=imperial&lat=-7.3048&lon=5.4836
33.0251,7.3643,naftah,tn,54.13,5.61,50,clear sky,http://api.openweathermap.org/data/2.5/weather?appid=ce062735e8cfa1f84a544a629087cf4f&units=imperial&lat=33.0251&lon=7.3643
20.5397,105.9401,phu ly,vn,80.23,8.19,73,overcast clouds,http://api.openweathermap.org/data/2.5/weather?appid=ce062735e8cfa1f84a544a629087cf4f&units=imperial&lat=20.5397&lon=105.9401
20.5906,-4.456,araouane,ml,66.19,2.82,35,broken clouds,http://api.openweathermap.org/data/2.5/weather?appid=ce062735e8cfa1f84a544a629087cf4f&units=imperial&lat=20.5906&lon=-4.456
59.5529,28.183,olgina,ee,35.5,11.54,93,light rain,http://api.openweathermap.org/data/2.5/weather?appid=ce062735e8cfa1f84a544a629087cf4f&units=imperial&lat=59.5529&lon=28.183
28.3155,55.6827,sirjan,ir,77.53,2.82,13,clear sky,http://api.openweathermap.org/data/2.5/weather?appid=ce062735e8cfa1f84a544a629087cf4f&units=imperial&lat=28.3155&lon=55.6827
48.9475,90.5603,mugur-aksy,ru,22.63,3.71,75,clear sky,http://api.openweathermap.org/data/2.5/weather?appid=ce062735e8cfa1f84a544a629087cf4f&units=imperial&lat=48.9475&lon=90.5603
-8.4774,122.6208,maumere,id,86.17,5.17,94,clear sky,http://api.openweathermap.org/data/2.5/weather?appid=ce062735e8cfa1f84a544a629087cf4f&units=imperial&lat=-8.4774&lon=122.6208
27.1593,25.7642,marsa matruh,eg,64.84,5.17,30,clear sky,http://api.openweathermap.org/data/2.5/weather?appid=ce062735e8cfa1f84a544a629087cf4f&units=imperial&lat=27.1593&lon=25.7642
17.1143,82.6572,tuni,in,85.18,5.39,75,clear sky,http://api.openweathermap.org/data/2.5/weather?appid=ce062735e8cfa1f84a544a629087cf4f&units=imperial&lat=17.1143&lon=82.6572
-19.1144,118.2605,port hedland,au,89.14,4.5,97,scattered clouds,http://api.openweathermap.org/data/2.5/weather?appid=ce062735e8cfa1f84a544a629087cf4f&units=imperial&lat=-19.1144&lon=118.2605
21.5992,-3.8787,taoudenni,ml,69.97,6.96,33,few clouds,http://api.openweathermap.org/data/2.5/weather?appid=ce062735e8cfa1f84a544a629087cf4f&units=imperial&lat=21.5992&lon=-3.8787
40.9367,60.3621,hazorasp,uz,50.53,10.2,87,few clouds,http://api.openweathermap.org/data/2.5/weather?appid=ce062735e8cfa1f84a544a629087cf4f&units=imperial&lat=40.9367&lon=60.3621
28.2186,111.8091,loudi,cn,76.36,4.38,73,clear sky,http://api.openweathermap.org/data/2.5/weather?appid=ce062735e8cfa1f84a544a629087cf4f&units=imperial&lat=28.2186&lon=111.8091
54.1599,-108.444,meadow lake,ca,12.28,5.17,75,broken clouds,http://api.openweathermap.org/data/2.5/weather?appid=ce062735e8cfa1f84a544a629087cf4f&units=imperial&lat=54.1599&lon=-108.444
49.3714,-104.8755,weyburn,ca,5.98,2.93,75,clear sky,http://api.openweathermap.org/data/2.5/weather?appid=ce062735e8cfa1f84a544a629087cf4f&units=imperial&lat=49.3714&lon=-104.8755
-35.9282,173.5794,dargaville,nz,66.37,6.96,100,clear sky,http://api.openweathermap.org/data/2.5/weather?appid=ce062735e8cfa1f84a544a629087cf4f&units=imperial&lat=-35.9282&lon=173.5794
3.5541,-1.7032,takoradi,gh,82.21,12.88,100,few clouds,http://api.openweathermap.org/data/2.5/weather?appid=ce062735e8cfa1f84a544a629087cf4f&units=imperial&lat=3.5541&lon=-1.7032
29.0599,-131.157,pacific grove,us,61.51,8.52,100,scattered clouds,http://api.openweathermap.org/data/2.5/weather?appid=ce062735e8cfa1f84a544a629087cf4f&units=imperial&lat=29.0599&lon=-131.157
48.5695,44.0755,bereslavka,ru,35.6,20.13,100,mist,http://api.openweathermap.org/data/2.5/weather?appid=ce062735e8cfa1f84a544a629087cf4f&units=imperial&lat=48.5695&lon=44.0755
58.6906,45.7675,pyshchug,ru,31.27,8.75,90,scattered clouds,http://api.openweathermap.org/data/2.5/weather?appid=ce062735e8cfa1f84a544a629087cf4f&units=imperial&lat=58.6906&lon=45.7675
66.6847,130.6598,batagay-alyta,ru,21.19,3.27,54,broken clouds,http://api.openweathermap.org/data/2.5/weather?appid=ce062735e8cfa1f84a544a629087cf4f&units=imperial&lat=66.6847&lon=130.6598
-5.2569,135.6126,nabire,id,82.48,19.6,100,few clouds,http://api.openweathermap.org/data/2.5/weather?appid=ce062735e8cfa1f84a544a629087cf4f&units=imperial&lat=-5.2569&lon=135.6126
48.2785,5.4577,chaumont,fr,41.04,8.05,80,clear sky,http://api.openweathermap.org/data/2.5/weather?appid=ce062735e8cfa1f84a544a629087cf4f&units=imperial&lat=48.2785&lon=5.4577
60.1463,-10.1676,sorvag,fo,40.36,19.6,100,broken clouds,http://api.openweathermap.org/data/2.5/weather?appid=ce062735e8cfa1f84a544a629087cf4f&units=imperial&lat=60.1463&lon=-10.1676
49.4114,-83.0846,hearst,ca,12.2,10.29,66,broken clouds,http://api.openweathermap.org/data/2.5/weather?appid=ce062735e8cfa1f84a544a629087cf4f&units=imperial&lat=49.4114&lon=-83.0846
54.1595,40.2549,lesnoy,ru,36.31,16.46,100,broken clouds,http://api.openweathermap.org/data/2.5/weather?appid=ce062735e8cfa1f84a544a629087cf4f&units=imperial&lat=54.1595&lon=40.2549
19.1475,112.206,wanning,cn,75.55,7.18,100,clear sky,http://api.openweathermap.org/data/2.5/weather?appid=ce062735e8cfa1f84a544a629087cf4f&units=imperial&lat=19.1475&lon=112.206
-35.188,170.105,ahipara,nz,67.99,8.3,100,light rain,http://api.openweathermap.org/data/2.5/weather?appid=ce062735e8cfa1f84a544a629087cf4f&units=imperial&lat=-35.188&lon=170.105
64.9502,10.9888,rorvik,no,27.03,6.93,100,scattered clouds,http://api.openweathermap.org/data/2.5/weather?appid=ce062735e8cfa1f84a544a629087cf4f&units=imperial&lat=64.9502&lon=10.9888
-19.0001,-89.7435,hualmay,pe,70.15,20.71,100,broken clouds,http://api.openweathermap.org/data/2.5/weather?appid=ce062735e8cfa1f84a544a629087cf4f&units=imperial&lat=-19.0001&lon=-89.7435
44.3165,-134.2579,port hardy,ca,45.49,15.12,100,few clouds,http://api.openweathermap.org/data/2.5/weather?appid=ce062735e8cfa1f84a544a629087cf4f&units=imperial&lat=44.3165&lon=-134.2579
61.3087,-12.4644,hofn,is,39.19,19.15,100,scattered clouds,http://api.openweathermap.org/data/2.5/weather?appid=ce062735e8cfa1f84a544a629087cf4f&units=imperial&lat=61.3087&lon=-12.4644
50.7135,-79.6818,moose factory,ca,6.25,10.2,73,clear sky,http://api.openweathermap.org/data/2.5/weather?appid=ce062735e8cfa1f84a544a629087cf4f&units=imperial&lat=50.7135&lon=-79.6818
4.7641,-79.6409,bajo baudo,co,76.9,14.23,93,scattered clouds,http://api.openweathermap.org/data/2.5/weather?appid=ce062735e8cfa1f84a544a629087cf4f&units=imperial&lat=4.7641&lon=-79.6409
-12.0945,125.9569,soe,id,87.43,3.71,99,clear sky,http://api.openweathermap.org/data/2.5/weather?appid=ce062735e8cfa1f84a544a629087cf4f&units=imperial&lat=-12.0945&lon=125.9569
15.3351,32.9514,wad rawah,sd,78.8,10.29,9,clear sky,http://api.openweathermap.org/data/2.5/weather?appid=ce062735e8cfa1f84a544a629087cf4f&units=imperial&lat=15.3351&lon=32.9514
72.0083,-165.6496,nome,us,0.31,6.96,77,scattered clouds,http://api.openweathermap.org/data/2.5/weather?appid=ce062735e8cfa1f84a544a629087cf4f&units=imperial&lat=72.0083&lon=-165.6496
0.3554,-68.3324,sao gabriel da cachoeira,br,74.83,2.48,95,scattered clouds,http://api.openweathermap.org/data/2.5/weather?appid=ce062735e8cfa1f84a544a629087cf4f&units=imperial&lat=0.3554&lon=-68.3324
31.3243,-98.5611,brownwood,us,51.78,10.29,76,overcast clouds,http://api.openweathermap.org/data/2.5/weather?appid=ce062735e8cfa1f84a544a629087cf4f&units=imperial&lat=31.3243&lon=-98.5611
-14.6014,-52.6826,barra do garcas,br,68.08,3.38,88,light rain,http://api.openweathermap.org/data/2.5/weather?appid=ce062735e8cfa1f84a544a629087cf4f&units=imperial&lat=-14.6014&lon=-52.6826
39.5487,-57.7669,louisbourg,ca,62.95,18.03,100,broken clouds,http://api.openweathermap.org/data/2.5/weather?appid=ce062735e8cfa1f84a544a629087cf4f&units=imperial&lat=39.5487&lon=-57.7669
22.6745,114.9989,pingshan,cn,77.98,6.4,63,clear sky,http://api.openweathermap.org/data/2.5/weather?appid=ce062735e8cfa1f84a544a629087cf4f&units=imperial&lat=22.6745&lon=114.9989
-21.0256,37.1243,beira,mz,82.93,10.76,98,clear sky,http://api.openweathermap.org/data/2.5/weather?appid=ce062735e8cfa1f84a544a629087cf4f&units=imperial&lat=-21.0256&lon=37.1243
50.2677,-99.9362,minnedosa,ca,8.6,14.99,84,clear sky,http://api.openweathermap.org/data/2.5/weather?appid=ce062735e8cfa1f84a544a629087cf4f&units=imperial&lat=50.2677&lon=-99.9362
-0.988,25.0995,kisangani,cd,73.48,3.38,93,scattered clouds,http://api.openweathermap.org/data/2.5/weather?appid=ce062735e8cfa1f84a544a629087cf4f&units=imperial&lat=-0.988&lon=25.0995
22.7617,88.306,baidyabati,in,82.4,8.05,58,haze,http://api.openweathermap.org/data/2.5/weather?appid=ce062735e8cfa1f84a544a629087cf4f&units=imperial&lat=22.7617&lon=88.306
24.8805,-114.3432,constitucion,mx,66.19,7.18,100,clear sky,http://api.openweathermap.org/data/2.5/weather?appid=ce062735e8cfa1f84a544a629087cf4f&units=imperial&lat=24.8805&lon=-114.3432
70.5896,124.8774,zhigansk,ru,13.27,9.86,86,broken clouds,http://api.openweathermap.org/data/2.5/weather?appid=ce062735e8cfa1f84a544a629087cf4f&units=imperial&lat=70.5896&lon=124.8774
